firstname,lastname,profile_field_student_id,email,username,institution,country,lang,password,cohort1
Liam,Smith,S220001,smithl@beyondmercury.com,smithl,Test,US,en,Kenyon5%,allstu
Noah,Johnson,S220002,johnsonn@beyondmercury.com,johnsonn,Test,US,en,Kenyon5%,allstu
Oliver,Williams,S220003,williamso@beyondmercury.com,williamso,Test,US,en,Kenyon5%,allstu
Elijah,Brown,S220004,browne@beyondmercury.com,browne,Test,US,en,Kenyon5%,allstu
William,Jones,S220005,jonesw@beyondmercury.com,jonesw,Test,US,en,Kenyon5%,allstu
James,Garcia,S220006,garciaj@beyondmercury.com,garciaj,Test,US,en,Kenyon5%,allstu
Benjamin,Miller,S220007,millerb@beyondmercury.com,millerb,Test,US,en,Kenyon5%,allstu
Lucas,Davis,S220008,davisl@beyondmercury.com,davisl,Test,US,en,Kenyon5%,allstu
Henry,Rodriguez,S220009,rodriguezh@beyondmercury.com,rodriguezh,Test,US,en,Kenyon5%,allstu
Alexander,Martinez,S220010,martineza@beyondmercury.com,martineza,Test,US,en,Kenyon5%,allstu
Mason,Hernandez,S220011,hernandezm@beyondmercury.com,hernandezm,Test,US,en,Kenyon5%,allstu
Michael,Lopez,S220012,lopezm@beyondmercury.com,lopezm,Test,US,en,Kenyon5%,allstu
Ethan,Gonzalez,S220013,gonzaleze@beyondmercury.com,gonzaleze,Test,US,en,Kenyon5%,allstu
Daniel,Wilson,S220014,wilsond@beyondmercury.com,wilsond,Test,US,en,Kenyon5%,allstu
Jacob,Anderson,S220015,andersonj@beyondmercury.com,andersonj,Test,US,en,Kenyon5%,allstu
Logan,Thomas,S220016,thomasl@beyondmercury.com,thomasl,Test,US,en,Kenyon5%,allstu
Jackson,Taylor,S220017,taylorj@beyondmercury.com,taylorj,Test,US,en,Kenyon5%,allstu
Levi,Moore,S220018,moorel@beyondmercury.com,moorel,Test,US,en,Kenyon5%,allstu
Sebastian,Jackson,S220019,jacksons@beyondmercury.com,jacksons,Test,US,en,Kenyon5%,allstu
Mateo,Martin,S220020,martinm@beyondmercury.com,martinm,Test,US,en,Kenyon5%,allstu
Jack,Lee,S220021,leej@beyondmercury.com,leej,Test,US,en,Kenyon5%,allstu
Owen,Perez,S220022,perezo@beyondmercury.com,perezo,Test,US,en,Kenyon5%,allstu
Theodore,Thompson,S220023,thompsont@beyondmercury.com,thompsont,Test,US,en,Kenyon5%,allstu
Aiden,White,S220024,whitea@beyondmercury.com,whitea,Test,US,en,Kenyon5%,allstu
Samuel,Harris,S220025,harriss@beyondmercury.com,harriss,Test,US,en,Kenyon5%,allstu
Joseph,Sanchez,S220026,sanchezj@beyondmercury.com,sanchezj,Test,US,en,Kenyon5%,allstu
John,Clark,S220027,clarkj@beyondmercury.com,clarkj,Test,US,en,Kenyon5%,allstu
David,Ramirez,S220028,ramirezd@beyondmercury.com,ramirezd,Test,US,en,Kenyon5%,allstu
Wyatt,Lewis,S220029,lewisw@beyondmercury.com,lewisw,Test,US,en,Kenyon5%,allstu
Matthew,Robinson,S220030,robinsonm@beyondmercury.com,robinsonm,Test,US,en,Kenyon5%,allstu
Luke,Walker,S220031,walkerl@beyondmercury.com,walkerl,Test,US,en,Kenyon5%,allstu
Asher,Young,S220032,younga@beyondmercury.com,younga,Test,US,en,Kenyon5%,allstu
Carter,Allen,S220033,allenc@beyondmercury.com,allenc,Test,US,en,Kenyon5%,allstu
Julian,King,S220034,kingj@beyondmercury.com,kingj,Test,US,en,Kenyon5%,allstu
Grayson,Wright,S220035,wrightg@beyondmercury.com,wrightg,Test,US,en,Kenyon5%,allstu
Leo,Scott,S220036,scottl@beyondmercury.com,scottl,Test,US,en,Kenyon5%,allstu
Jayden,Torres,S220037,torresj@beyondmercury.com,torresj,Test,US,en,Kenyon5%,allstu
Gabriel,Nguyen,S220038,nguyeng@beyondmercury.com,nguyeng,Test,US,en,Kenyon5%,allstu
Isaac,Hill,S220039,hilli@beyondmercury.com,hilli,Test,US,en,Kenyon5%,allstu
Lincoln,Flores,S220040,floresl@beyondmercury.com,floresl,Test,US,en,Kenyon5%,allstu
Anthony,Green,S220041,greena@beyondmercury.com,greena,Test,US,en,Kenyon5%,allstu
Hudson,Adams,S220042,adamsh@beyondmercury.com,adamsh,Test,US,en,Kenyon5%,allstu
Dylan,Nelson,S220043,nelsond@beyondmercury.com,nelsond,Test,US,en,Kenyon5%,allstu
Ezra,Baker,S220044,bakere@beyondmercury.com,bakere,Test,US,en,Kenyon5%,allstu
Thomas,Hall,S220045,hallt@beyondmercury.com,hallt,Test,US,en,Kenyon5%,allstu
Charles,Rivera,S220046,riverac@beyondmercury.com,riverac,Test,US,en,Kenyon5%,allstu
Christopher,Campbell,S220047,campbellc@beyondmercury.com,campbellc,Test,US,en,Kenyon5%,allstu
Jaxon,Mitchell,S220048,mitchellj@beyondmercury.com,mitchellj,Test,US,en,Kenyon5%,allstu
Maverick,Carter,S220049,carterm@beyondmercury.com,carterm,Test,US,en,Kenyon5%,allstu
Josiah,Roberts,S220050,robertsj@beyondmercury.com,robertsj,Test,US,en,Kenyon5%,allstu
Isaiah,Gomez,S220051,gomezi@beyondmercury.com,gomezi,Test,US,en,Kenyon5%,allstu
Andrew,Phillips,S220052,phillipsa@beyondmercury.com,phillipsa,Test,US,en,Kenyon5%,allstu
Elias,Evans,S220053,evanse@beyondmercury.com,evanse,Test,US,en,Kenyon5%,allstu
Joshua,Turner,S220054,turnerj@beyondmercury.com,turnerj,Test,US,en,Kenyon5%,allstu
Nathan,Diaz,S220055,diazn@beyondmercury.com,diazn,Test,US,en,Kenyon5%,allstu
Caleb,Parker,S220056,parkerc@beyondmercury.com,parkerc,Test,US,en,Kenyon5%,allstu
Ryan,Cruz,S220057,cruzr@beyondmercury.com,cruzr,Test,US,en,Kenyon5%,allstu
Adrian,Edwards,S220058,edwardsa@beyondmercury.com,edwardsa,Test,US,en,Kenyon5%,allstu
Miles,Collins,S220059,collinsm@beyondmercury.com,collinsm,Test,US,en,Kenyon5%,allstu
Eli,Reyes,S220060,reyese@beyondmercury.com,reyese,Test,US,en,Kenyon5%,allstu
Nolan,Stewart,S220061,stewartn@beyondmercury.com,stewartn,Test,US,en,Kenyon5%,allstu
Christian,Morris,S220062,morrisc@beyondmercury.com,morrisc,Test,US,en,Kenyon5%,allstu
Aaron,Morales,S220063,moralesa@beyondmercury.com,moralesa,Test,US,en,Kenyon5%,allstu
Cameron,Murphy,S220064,murphyc@beyondmercury.com,murphyc,Test,US,en,Kenyon5%,allstu
Ezekiel,Cook,S220065,cooke@beyondmercury.com,cooke,Test,US,en,Kenyon5%,allstu
Colton,Rogers,S220066,rogersc@beyondmercury.com,rogersc,Test,US,en,Kenyon5%,allstu
Luca,Gutierrez,S220067,gutierrezl@beyondmercury.com,gutierrezl,Test,US,en,Kenyon5%,allstu
Landon,Ortiz,S220068,ortizl@beyondmercury.com,ortizl,Test,US,en,Kenyon5%,allstu
Hunter,Morgan,S220069,morganh@beyondmercury.com,morganh,Test,US,en,Kenyon5%,allstu
Jonathan,Cooper,S220070,cooperj@beyondmercury.com,cooperj,Test,US,en,Kenyon5%,allstu
Santiago,Peterson,S220071,petersons@beyondmercury.com,petersons,Test,US,en,Kenyon5%,allstu
Axel,Bailey,S220072,baileya@beyondmercury.com,baileya,Test,US,en,Kenyon5%,allstu
Easton,Reed,S220073,reede@beyondmercury.com,reede,Test,US,en,Kenyon5%,allstu
Cooper,Kelly,S220074,kellyc@beyondmercury.com,kellyc,Test,US,en,Kenyon5%,allstu
Jeremiah,Howard,S220075,howardj@beyondmercury.com,howardj,Test,US,en,Kenyon5%,allstu
Angel,Ramos,S220076,ramosa@beyondmercury.com,ramosa,Test,US,en,Kenyon5%,allstu
Roman,Kim,S220077,kimr@beyondmercury.com,kimr,Test,US,en,Kenyon5%,allstu
Connor,Cox,S220078,coxc@beyondmercury.com,coxc,Test,US,en,Kenyon5%,allstu
Jameson,Ward,S220079,wardj@beyondmercury.com,wardj,Test,US,en,Kenyon5%,allstu
Robert,Richardson,S220080,richardsonr@beyondmercury.com,richardsonr,Test,US,en,Kenyon5%,allstu
Greyson,Watson,S220081,watsong@beyondmercury.com,watsong,Test,US,en,Kenyon5%,allstu
Jordan,Brooks,S220082,brooksj@beyondmercury.com,brooksj,Test,US,en,Kenyon5%,allstu
Ian,Chavez,S220083,chavezi@beyondmercury.com,chavezi,Test,US,en,Kenyon5%,allstu
Carson,Wood,S220084,woodc@beyondmercury.com,woodc,Test,US,en,Kenyon5%,allstu
Jaxson,James,S220085,jamesj@beyondmercury.com,jamesj,Test,US,en,Kenyon5%,allstu
Leonardo,Bennett,S220086,bennettl@beyondmercury.com,bennettl,Test,US,en,Kenyon5%,allstu
Nicholas,Gray,S220087,grayn@beyondmercury.com,grayn,Test,US,en,Kenyon5%,allstu
Dominic,Mendoza,S220088,mendozad@beyondmercury.com,mendozad,Test,US,en,Kenyon5%,allstu
Austin,Ruiz,S220089,ruiza@beyondmercury.com,ruiza,Test,US,en,Kenyon5%,allstu
Everett,Hughes,S220090,hughese@beyondmercury.com,hughese,Test,US,en,Kenyon5%,allstu
Brooks,Price,S220091,priceb@beyondmercury.com,priceb,Test,US,en,Kenyon5%,allstu
Xavier,Alvarez,S220092,alvarezx@beyondmercury.com,alvarezx,Test,US,en,Kenyon5%,allstu
Kai,Castillo,S220093,castillok@beyondmercury.com,castillok,Test,US,en,Kenyon5%,allstu
Jose,Sanders,S220094,sandersj@beyondmercury.com,sandersj,Test,US,en,Kenyon5%,allstu
Parker,Patel,S220095,patelp@beyondmercury.com,patelp,Test,US,en,Kenyon5%,allstu
Adam,Myers,S220096,myersa@beyondmercury.com,myersa,Test,US,en,Kenyon5%,allstu
Jace,Long,S220097,longj@beyondmercury.com,longj,Test,US,en,Kenyon5%,allstu
Wesley,Ross,S220098,rossw@beyondmercury.com,rossw,Test,US,en,Kenyon5%,allstu
Kayden,Foster,S220099,fosterk@beyondmercury.com,fosterk,Test,US,en,Kenyon5%,allstu
Silas,Jimenez,S220100,jimenezs@beyondmercury.com,jimenezs,Test,US,en,Kenyon5%,allstu
Bennett,Powell,S220101,powellb@beyondmercury.com,powellb,Test,US,en,Kenyon5%,allstu
Declan,Jenkins,S220102,jenkinsd@beyondmercury.com,jenkinsd,Test,US,en,Kenyon5%,allstu
Waylon,Perry,S220103,perryw@beyondmercury.com,perryw,Test,US,en,Kenyon5%,allstu
Weston,Russell,S220104,russellw@beyondmercury.com,russellw,Test,US,en,Kenyon5%,allstu
Evan,Sullivan,S220105,sullivane@beyondmercury.com,sullivane,Test,US,en,Kenyon5%,allstu
Emmett,Bell,S220106,belle@beyondmercury.com,belle,Test,US,en,Kenyon5%,allstu
Micah,Coleman,S220107,colemanm@beyondmercury.com,colemanm,Test,US,en,Kenyon5%,allstu
Ryder,Butler,S220108,butlerr@beyondmercury.com,butlerr,Test,US,en,Kenyon5%,allstu
Beau,Henderson,S220109,hendersonb@beyondmercury.com,hendersonb,Test,US,en,Kenyon5%,allstu
Damian,Barnes,S220110,barnesd@beyondmercury.com,barnesd,Test,US,en,Kenyon5%,allstu
Brayden,Gonzales,S220111,gonzalesb@beyondmercury.com,gonzalesb,Test,US,en,Kenyon5%,allstu
Gael,Fisher,S220112,fisherg@beyondmercury.com,fisherg,Test,US,en,Kenyon5%,allstu
Rowan,Vasquez,S220113,vasquezr@beyondmercury.com,vasquezr,Test,US,en,Kenyon5%,allstu
Harrison,Simmons,S220114,simmonsh@beyondmercury.com,simmonsh,Test,US,en,Kenyon5%,allstu
Bryson,Romero,S220115,romerob@beyondmercury.com,romerob,Test,US,en,Kenyon5%,allstu
Sawyer,Jordan,S220116,jordans@beyondmercury.com,jordans,Test,US,en,Kenyon5%,allstu
Amir,Patterson,S220117,pattersona@beyondmercury.com,pattersona,Test,US,en,Kenyon5%,allstu
Kingston,Alexander,S220118,alexanderk@beyondmercury.com,alexanderk,Test,US,en,Kenyon5%,allstu
Jason,Hamilton,S220119,hamiltonj@beyondmercury.com,hamiltonj,Test,US,en,Kenyon5%,allstu
Giovanni,Graham,S220120,grahamg@beyondmercury.com,grahamg,Test,US,en,Kenyon5%,allstu
Vincent,Reynolds,S220121,reynoldsv@beyondmercury.com,reynoldsv,Test,US,en,Kenyon5%,allstu
Ayden,Griffin,S220122,griffina@beyondmercury.com,griffina,Test,US,en,Kenyon5%,allstu
Chase,Wallace,S220123,wallacec@beyondmercury.com,wallacec,Test,US,en,Kenyon5%,allstu
Myles,Moreno,S220124,morenom@beyondmercury.com,morenom,Test,US,en,Kenyon5%,allstu
Diego,West,S220125,westd@beyondmercury.com,westd,Test,US,en,Kenyon5%,allstu
Nathaniel,Cole,S220126,colen@beyondmercury.com,colen,Test,US,en,Kenyon5%,allstu
Legend,Hayes,S220127,hayesl@beyondmercury.com,hayesl,Test,US,en,Kenyon5%,allstu
Jonah,Bryant,S220128,bryantj@beyondmercury.com,bryantj,Test,US,en,Kenyon5%,allstu
River,Herrera,S220129,herrerar@beyondmercury.com,herrerar,Test,US,en,Kenyon5%,allstu
Tyler,Gibson,S220130,gibsont@beyondmercury.com,gibsont,Test,US,en,Kenyon5%,allstu
Cole,Ellis,S220131,ellisc@beyondmercury.com,ellisc,Test,US,en,Kenyon5%,allstu
Braxton,Tran,S220132,tranb@beyondmercury.com,tranb,Test,US,en,Kenyon5%,allstu
George,Medina,S220133,medinag@beyondmercury.com,medinag,Test,US,en,Kenyon5%,allstu
Milo,Aguilar,S220134,aguilarm@beyondmercury.com,aguilarm,Test,US,en,Kenyon5%,allstu
Zachary,Stevens,S220135,stevensz@beyondmercury.com,stevensz,Test,US,en,Kenyon5%,allstu
Ashton,Murray,S220136,murraya@beyondmercury.com,murraya,Test,US,en,Kenyon5%,allstu
Luis,Ford,S220137,fordl@beyondmercury.com,fordl,Test,US,en,Kenyon5%,allstu
Jasper,Castro,S220138,castroj@beyondmercury.com,castroj,Test,US,en,Kenyon5%,allstu
Kaiden,Marshall,S220139,marshallk@beyondmercury.com,marshallk,Test,US,en,Kenyon5%,allstu
Adriel,Owens,S220140,owensa@beyondmercury.com,owensa,Test,US,en,Kenyon5%,allstu
Gavin,Harrison,S220141,harrisong@beyondmercury.com,harrisong,Test,US,en,Kenyon5%,allstu
Bentley,Fernandez,S220142,fernandezb@beyondmercury.com,fernandezb,Test,US,en,Kenyon5%,allstu
Calvin,Mcdonald,S220143,mcdonaldc@beyondmercury.com,mcdonaldc,Test,US,en,Kenyon5%,allstu
Zion,Woods,S220144,woodsz@beyondmercury.com,woodsz,Test,US,en,Kenyon5%,allstu
Juan,Washington,S220145,washingtonj@beyondmercury.com,washingtonj,Test,US,en,Kenyon5%,allstu
Maxwell,Kennedy,S220146,kennedym@beyondmercury.com,kennedym,Test,US,en,Kenyon5%,allstu
Max,Wells,S220147,wellsm@beyondmercury.com,wellsm,Test,US,en,Kenyon5%,allstu
Ryker,Vargas,S220148,vargasr@beyondmercury.com,vargasr,Test,US,en,Kenyon5%,allstu
Carlos,Henry,S220149,henryc@beyondmercury.com,henryc,Test,US,en,Kenyon5%,allstu
Emmanuel,Chen,S220150,chene@beyondmercury.com,chene,Test,US,en,Kenyon5%,allstu
Jayce,Freeman,S220151,freemanj@beyondmercury.com,freemanj,Test,US,en,Kenyon5%,allstu
Lorenzo,Webb,S220152,webbl@beyondmercury.com,webbl,Test,US,en,Kenyon5%,allstu
Ivan,Tucker,S220153,tuckeri@beyondmercury.com,tuckeri,Test,US,en,Kenyon5%,allstu
Jude,Guzman,S220154,guzmanj@beyondmercury.com,guzmanj,Test,US,en,Kenyon5%,allstu
August,Burns,S220155,burnsa@beyondmercury.com,burnsa,Test,US,en,Kenyon5%,allstu
Kevin,Crawford,S220156,crawfordk@beyondmercury.com,crawfordk,Test,US,en,Kenyon5%,allstu
Malachi,Olson,S220157,olsonm@beyondmercury.com,olsonm,Test,US,en,Kenyon5%,allstu
Elliott,Simpson,S220158,simpsone@beyondmercury.com,simpsone,Test,US,en,Kenyon5%,allstu
Rhett,Porter,S220159,porterr@beyondmercury.com,porterr,Test,US,en,Kenyon5%,allstu
Archer,Hunter,S220160,huntera@beyondmercury.com,huntera,Test,US,en,Kenyon5%,allstu
Karter,Gordon,S220161,gordonk@beyondmercury.com,gordonk,Test,US,en,Kenyon5%,allstu
Arthur,Mendez,S220162,mendeza@beyondmercury.com,mendeza,Test,US,en,Kenyon5%,allstu
Luka,Silva,S220163,silval@beyondmercury.com,silval,Test,US,en,Kenyon5%,allstu
Elliot,Shaw,S220164,shawe@beyondmercury.com,shawe,Test,US,en,Kenyon5%,allstu
Thiago,Snyder,S220165,snydert@beyondmercury.com,snydert,Test,US,en,Kenyon5%,allstu
Brandon,Mason,S220166,masonb@beyondmercury.com,masonb,Test,US,en,Kenyon5%,allstu
Camden,Dixon,S220167,dixonc@beyondmercury.com,dixonc,Test,US,en,Kenyon5%,allstu
Justin,Munoz,S220168,munozj@beyondmercury.com,munozj,Test,US,en,Kenyon5%,allstu
Jesus,Hunt,S220169,huntj@beyondmercury.com,huntj,Test,US,en,Kenyon5%,allstu
Maddox,Hicks,S220170,hicksm@beyondmercury.com,hicksm,Test,US,en,Kenyon5%,allstu
King,Holmes,S220171,holmesk@beyondmercury.com,holmesk,Test,US,en,Kenyon5%,allstu
Theo,Palmer,S220172,palmert@beyondmercury.com,palmert,Test,US,en,Kenyon5%,allstu
Enzo,Wagner,S220173,wagnere@beyondmercury.com,wagnere,Test,US,en,Kenyon5%,allstu
Matteo,Black,S220174,blackm@beyondmercury.com,blackm,Test,US,en,Kenyon5%,allstu
Emiliano,Robertson,S220175,robertsone@beyondmercury.com,robertsone,Test,US,en,Kenyon5%,allstu
Dean,Boyd,S220176,boydd@beyondmercury.com,boydd,Test,US,en,Kenyon5%,allstu
Hayden,Rose,S220177,roseh@beyondmercury.com,roseh,Test,US,en,Kenyon5%,allstu
Finn,Stone,S220178,stonef@beyondmercury.com,stonef,Test,US,en,Kenyon5%,allstu
Brody,Salazar,S220179,salazarb@beyondmercury.com,salazarb,Test,US,en,Kenyon5%,allstu
Antonio,Fox,S220180,foxa@beyondmercury.com,foxa,Test,US,en,Kenyon5%,allstu
Abel,Warren,S220181,warrena@beyondmercury.com,warrena,Test,US,en,Kenyon5%,allstu
Alex,Mills,S220182,millsa@beyondmercury.com,millsa,Test,US,en,Kenyon5%,allstu
Tristan,Meyer,S220183,meyert@beyondmercury.com,meyert,Test,US,en,Kenyon5%,allstu
Graham,Rice,S220184,riceg@beyondmercury.com,riceg,Test,US,en,Kenyon5%,allstu
Zayden,Schmidt,S220185,schmidtz@beyondmercury.com,schmidtz,Test,DE,de,Kenyon5%,allstu
Judah,Garza,S220186,garzaj@beyondmercury.com,garzaj,Test,US,en,Kenyon5%,allstu
Xander,Daniels,S220187,danielsx@beyondmercury.com,danielsx,Test,US,en,Kenyon5%,allstu
Miguel,Ferguson,S220188,fergusonm@beyondmercury.com,fergusonm,Test,US,en,Kenyon5%,allstu
Atlas,Nichols,S220189,nicholsa@beyondmercury.com,nicholsa,Test,US,en,Kenyon5%,allstu
Messiah,Stephens,S220190,stephensm@beyondmercury.com,stephensm,Test,US,en,Kenyon5%,allstu
Barrett,Soto,S220191,sotob@beyondmercury.com,sotob,Test,US,en,Kenyon5%,allstu
Tucker,Weaver,S220192,weavert@beyondmercury.com,weavert,Test,US,en,Kenyon5%,allstu
Timothy,Ryan,S220193,ryant@beyondmercury.com,ryant,Test,US,en,Kenyon5%,allstu
Alan,Gardner,S220194,gardnera@beyondmercury.com,gardnera,Test,US,en,Kenyon5%,allstu
Edward,Payne,S220195,paynee@beyondmercury.com,paynee,Test,US,en,Kenyon5%,allstu
Leon,Grant,S220196,grantl@beyondmercury.com,grantl,Test,US,en,Kenyon5%,allstu
Dawson,Dunn,S220197,dunnd@beyondmercury.com,dunnd,Test,US,en,Kenyon5%,allstu
Eric,Kelley,S220198,kelleye@beyondmercury.com,kelleye,Test,US,en,Kenyon5%,allstu
Ace,Spencer,S220199,spencera@beyondmercury.com,spencera,Test,US,en,Kenyon5%,allstu
Victor,Hawkins,S220200,hawkinsv@beyondmercury.com,hawkinsv,Test,US,en,Kenyon5%,allstu
Abraham,Arnold,S220201,arnolda@beyondmercury.com,arnolda,Test,US,en,Kenyon5%,allstu
Nicolas,Pierce,S220202,piercen@beyondmercury.com,piercen,Test,US,en,Kenyon5%,allstu
Jesse,Vazquez,S220203,vazquezj@beyondmercury.com,vazquezj,Test,US,en,Kenyon5%,allstu
Charlie,Hansen,S220204,hansenc@beyondmercury.com,hansenc,Test,US,en,Kenyon5%,allstu
Patrick,Peters,S220205,petersp@beyondmercury.com,petersp,Test,US,en,Kenyon5%,allstu
Walker,Santos,S220206,santosw@beyondmercury.com,santosw,Test,US,en,Kenyon5%,allstu
Joel,Hart,S220207,hartj@beyondmercury.com,hartj,Test,US,en,Kenyon5%,allstu
Richard,Bradley,S220208,bradleyr@beyondmercury.com,bradleyr,Test,US,en,Kenyon5%,allstu
Beckett,Knight,S220209,knightb@beyondmercury.com,knightb,Test,US,en,Kenyon5%,allstu
Blake,Elliott,S220210,elliottb@beyondmercury.com,elliottb,Test,US,en,Kenyon5%,allstu
Alejandro,Cunningham,S220211,cunninghama@beyondmercury.com,cunninghama,Test,US,en,Kenyon5%,allstu
Avery,Duncan,S220212,duncana@beyondmercury.com,duncana,Test,US,en,Kenyon5%,allstu
Grant,Armstrong,S220213,armstrongg@beyondmercury.com,armstrongg,Test,US,en,Kenyon5%,allstu
Peter,Hudson,S220214,hudsonp@beyondmercury.com,hudsonp,Test,US,en,Kenyon5%,allstu
Oscar,Carroll,S220215,carrollo@beyondmercury.com,carrollo,Test,US,en,Kenyon5%,allstu
Matias,Lane,S220216,lanem@beyondmercury.com,lanem,Test,US,en,Kenyon5%,allstu
Amari,Riley,S220217,rileya@beyondmercury.com,rileya,Test,US,en,Kenyon5%,allstu
Lukas,Andrews,S220218,andrewsl@beyondmercury.com,andrewsl,Test,US,en,Kenyon5%,allstu
Andres,Alvarado,S220219,alvaradoa@beyondmercury.com,alvaradoa,Test,US,en,Kenyon5%,allstu
Arlo,Ray,S220220,raya@beyondmercury.com,raya,Test,US,en,Kenyon5%,allstu
Colt,Delgado,S220221,delgadoc@beyondmercury.com,delgadoc,Test,US,en,Kenyon5%,allstu
Adonis,Berry,S220222,berrya@beyondmercury.com,berrya,Test,US,en,Kenyon5%,allstu
Kyrie,Perkins,S220223,perkinsk@beyondmercury.com,perkinsk,Test,US,en,Kenyon5%,allstu
Steven,Hoffman,S220224,hoffmans@beyondmercury.com,hoffmans,Test,US,en,Kenyon5%,allstu
Felix,Johnston,S220225,johnstonf@beyondmercury.com,johnstonf,Test,US,en,Kenyon5%,allstu
Preston,Matthews,S220226,matthewsp@beyondmercury.com,matthewsp,Test,US,en,Kenyon5%,allstu
Marcus,Pena,S220227,penam@beyondmercury.com,penam,Test,US,en,Kenyon5%,allstu
Holden,Richards,S220228,richardsh@beyondmercury.com,richardsh,Test,US,en,Kenyon5%,allstu
Emilio,Contreras,S220229,contrerase@beyondmercury.com,contrerase,Test,US,en,Kenyon5%,allstu
Remington,Willis,S220230,willisr@beyondmercury.com,willisr,Test,US,en,Kenyon5%,allstu
Jeremy,Carpenter,S220231,carpenterj@beyondmercury.com,carpenterj,Test,US,en,Kenyon5%,allstu
Kaleb,Lawrence,S220232,lawrencek@beyondmercury.com,lawrencek,Test,US,en,Kenyon5%,allstu
Brantley,Sandoval,S220233,sandovalb@beyondmercury.com,sandovalb,Test,US,en,Kenyon5%,allstu
Bryce,Guerrero,S220234,guerrerob@beyondmercury.com,guerrerob,Test,US,en,Kenyon5%,allstu
Mark,George,S220235,georgem@beyondmercury.com,georgem,Test,US,en,Kenyon5%,allstu
Knox,Chapman,S220236,chapmank@beyondmercury.com,chapmank,Test,US,en,Kenyon5%,allstu
Israel,Rios,S220237,riosi@beyondmercury.com,riosi,Test,US,en,Kenyon5%,allstu
Phoenix,Estrada,S220238,estradap@beyondmercury.com,estradap,Test,US,en,Kenyon5%,allstu
Kobe,Ortega,S220239,ortegak@beyondmercury.com,ortegak,Test,US,en,Kenyon5%,allstu
Nash,Watkins,S220240,watkinsn@beyondmercury.com,watkinsn,Test,US,en,Kenyon5%,allstu
Griffin,Greene,S220241,greeneg@beyondmercury.com,greeneg,Test,US,en,Kenyon5%,allstu
Caden,Nunez,S220242,nunezc@beyondmercury.com,nunezc,Test,US,en,Kenyon5%,allstu
Kenneth,Wheeler,S220243,wheelerk@beyondmercury.com,wheelerk,Test,US,en,Kenyon5%,allstu
Kyler,Valdez,S220244,valdezk@beyondmercury.com,valdezk,Test,US,en,Kenyon5%,allstu
Hayes,Harper,S220245,harperh@beyondmercury.com,harperh,Test,US,en,Kenyon5%,allstu
Jax,Burke,S220246,burkej@beyondmercury.com,burkej,Test,US,en,Kenyon5%,allstu
Rafael,Larson,S220247,larsonr@beyondmercury.com,larsonr,Test,US,en,Kenyon5%,allstu
Beckham,Santiago,S220248,santiagob@beyondmercury.com,santiagob,Test,US,en,Kenyon5%,allstu
Javier,Maldonado,S220249,maldonadoj@beyondmercury.com,maldonadoj,Test,US,en,Kenyon5%,allstu
Maximus,Morrison,S220250,morrisonm@beyondmercury.com,morrisonm,Test,US,en,Kenyon5%,allstu
Simon,Franklin,S220251,franklins@beyondmercury.com,franklins,Test,US,en,Kenyon5%,allstu
Paul,Carlson,S220252,carlsonp@beyondmercury.com,carlsonp,Test,US,en,Kenyon5%,allstu
Omar,Austin,S220253,austino@beyondmercury.com,austino,Test,US,en,Kenyon5%,allstu
Kaden,Dominguez,S220254,dominguezk@beyondmercury.com,dominguezk,Test,US,en,Kenyon5%,allstu
Kash,Carr,S220255,carrk@beyondmercury.com,carrk,Test,US,en,Kenyon5%,allstu
Lane,Lawson,S220256,lawsonl@beyondmercury.com,lawsonl,Test,US,en,Kenyon5%,allstu
Bryan,Jacobs,S220257,jacobsb@beyondmercury.com,jacobsb,Test,US,en,Kenyon5%,allstu
Riley,Obrien,S220258,obrienr@beyondmercury.com,obrienr,Test,US,en,Kenyon5%,allstu
Zane,Lynch,S220259,lynchz@beyondmercury.com,lynchz,Test,US,en,Kenyon5%,allstu
Louis,Singh,S220260,singhl@beyondmercury.com,singhl,Test,US,en,Kenyon5%,allstu
Aidan,Vega,S220261,vegaa@beyondmercury.com,vegaa,Test,US,en,Kenyon5%,allstu
Paxton,Bishop,S220262,bishopp@beyondmercury.com,bishopp,Test,US,en,Kenyon5%,allstu
Maximiliano,Montgomery,S220263,montgomerym@beyondmercury.com,montgomerym,Test,US,en,Kenyon5%,allstu
Karson,Oliver,S220264,oliverk@beyondmercury.com,oliverk,Test,US,en,Kenyon5%,allstu
Cash,Jensen,S220265,jensenc@beyondmercury.com,jensenc,Test,US,en,Kenyon5%,allstu
Cayden,Harvey,S220266,harveyc@beyondmercury.com,harveyc,Test,US,en,Kenyon5%,allstu
Emerson,Williamson,S220267,williamsone@beyondmercury.com,williamsone,Test,US,en,Kenyon5%,allstu
Tobias,Gilbert,S220268,gilbertt@beyondmercury.com,gilbertt,Test,US,en,Kenyon5%,allstu
Ronan,Dean,S220269,deanr@beyondmercury.com,deanr,Test,US,en,Kenyon5%,allstu
Brian,Sims,S220270,simsb@beyondmercury.com,simsb,Test,US,en,Kenyon5%,allstu
Dallas,Espinoza,S220271,espinozad@beyondmercury.com,espinozad,Test,US,en,Kenyon5%,allstu
Bradley,Howell,S220272,howellb@beyondmercury.com,howellb,Test,US,en,Kenyon5%,allstu
Jorge,Li,S220273,lij@beyondmercury.com,lij,Test,US,en,Kenyon5%,allstu
Walter,Wong,S220274,wongw@beyondmercury.com,wongw,Test,US,en,Kenyon5%,allstu
Josue,Reid,S220275,reidj@beyondmercury.com,reidj,Test,US,en,Kenyon5%,allstu
Khalil,Hanson,S220276,hansonk@beyondmercury.com,hansonk,Test,US,en,Kenyon5%,allstu
Damien,Le,S220277,led@beyondmercury.com,led,Test,US,en,Kenyon5%,allstu
Jett,Mccoy,S220278,mccoyj@beyondmercury.com,mccoyj,Test,US,en,Kenyon5%,allstu
Kairo,Garrett,S220279,garrettk@beyondmercury.com,garrettk,Test,US,en,Kenyon5%,allstu
Zander,Burton,S220280,burtonz@beyondmercury.com,burtonz,Test,US,en,Kenyon5%,allstu
Andre,Fuller,S220281,fullera@beyondmercury.com,fullera,Test,US,en,Kenyon5%,allstu
Cohen,Wang,S220282,wangc@beyondmercury.com,wangc,Test,US,en,Kenyon5%,allstu
Crew,Weber,S220283,weberc@beyondmercury.com,weberc,Test,US,en,Kenyon5%,allstu
Hendrix,Welch,S220284,welchh@beyondmercury.com,welchh,Test,US,en,Kenyon5%,allstu
Colin,Rojas,S220285,rojasc@beyondmercury.com,rojasc,Test,US,en,Kenyon5%,allstu
Chance,Lucas,S220286,lucasc@beyondmercury.com,lucasc,Test,US,en,Kenyon5%,allstu
Malakai,Marquez,S220287,marquezm@beyondmercury.com,marquezm,Test,US,en,Kenyon5%,allstu
Clayton,Fields,S220288,fieldsc@beyondmercury.com,fieldsc,Test,US,en,Kenyon5%,allstu
Daxton,Park,S220289,parkd@beyondmercury.com,parkd,Test,US,en,Kenyon5%,allstu
Malcolm,Yang,S220290,yangm@beyondmercury.com,yangm,Test,US,en,Kenyon5%,allstu
Lennox,Little,S220291,littlel@beyondmercury.com,littlel,Test,US,en,Kenyon5%,allstu
Martin,Banks,S220292,banksm@beyondmercury.com,banksm,Test,US,en,Kenyon5%,allstu
Jaden,Padilla,S220293,padillaj@beyondmercury.com,padillaj,Test,US,en,Kenyon5%,allstu
Kayson,Day,S220294,dayk@beyondmercury.com,dayk,Test,US,en,Kenyon5%,allstu
Bodhi,Walsh,S220295,walshb@beyondmercury.com,walshb,Test,US,en,Kenyon5%,allstu
Francisco,Bowman,S220296,bowmanf@beyondmercury.com,bowmanf,Test,US,en,Kenyon5%,allstu
Cody,Schultz,S220297,schultzc@beyondmercury.com,schultzc,Test,US,en,Kenyon5%,allstu
Erick,Luna,S220298,lunae@beyondmercury.com,lunae,Test,US,en,Kenyon5%,allstu
Kameron,Fowler,S220299,fowlerk@beyondmercury.com,fowlerk,Test,US,en,Kenyon5%,allstu
Atticus,Mejia,S220300,mejiaa@beyondmercury.com,mejiaa,Test,US,en,Kenyon5%,allstu
Dante,Davidson,S220301,davidsond@beyondmercury.com,davidsond,Test,US,en,Kenyon5%,allstu
Jensen,Acosta,S220302,acostaj@beyondmercury.com,acostaj,Test,US,en,Kenyon5%,allstu
Cruz,Brewer,S220303,brewerc@beyondmercury.com,brewerc,Test,US,en,Kenyon5%,allstu
Finley,May,S220304,mayf@beyondmercury.com,mayf,Test,US,en,Kenyon5%,allstu
Brady,Holland,S220305,hollandb@beyondmercury.com,hollandb,Test,US,en,Kenyon5%,allstu
Joaquin,Juarez,S220306,juarezj@beyondmercury.com,juarezj,Test,US,en,Kenyon5%,allstu
Anderson,Newman,S220307,newmana@beyondmercury.com,newmana,Test,US,en,Kenyon5%,allstu
Gunner,Pearson,S220308,pearsong@beyondmercury.com,pearsong,Test,US,en,Kenyon5%,allstu
Muhammad,Curtis,S220309,curtism@beyondmercury.com,curtism,Test,US,en,Kenyon5%,allstu
Zayn,Cortez,S220310,cortezz@beyondmercury.com,cortezz,Test,US,en,Kenyon5%,allstu
Derek,Douglas,S220311,douglasd@beyondmercury.com,douglasd,Test,US,en,Kenyon5%,allstu
Raymond,Schneider,S220312,schneiderr@beyondmercury.com,schneiderr,Test,DE,de,Kenyon5%,allstu
Kyle,Joseph,S220313,josephk@beyondmercury.com,josephk,Test,US,en,Kenyon5%,allstu
Angelo,Barrett,S220314,barretta@beyondmercury.com,barretta,Test,US,en,Kenyon5%,allstu
Reid,Navarro,S220315,navarror@beyondmercury.com,navarror,Test,US,en,Kenyon5%,allstu
Spencer,Figueroa,S220316,figueroas@beyondmercury.com,figueroas,Test,US,en,Kenyon5%,allstu
Nico,Keller,S220317,kellern@beyondmercury.com,kellern,Test,US,en,Kenyon5%,allstu
Jaylen,Avila,S220318,avilaj@beyondmercury.com,avilaj,Test,US,en,Kenyon5%,allstu
Jake,Wade,S220319,wadej@beyondmercury.com,wadej,Test,US,en,Kenyon5%,allstu
Prince,Molina,S220320,molinap@beyondmercury.com,molinap,Test,US,en,Kenyon5%,allstu
Manuel,Stanley,S220321,stanleym@beyondmercury.com,stanleym,Test,US,en,Kenyon5%,allstu
Ali,Hopkins,S220322,hopkinsa@beyondmercury.com,hopkinsa,Test,US,en,Kenyon5%,allstu
Gideon,Campos,S220323,camposg@beyondmercury.com,camposg,Test,US,en,Kenyon5%,allstu
Stephen,Barnett,S220324,barnetts@beyondmercury.com,barnetts,Test,US,en,Kenyon5%,allstu
Ellis,Bates,S220325,batese@beyondmercury.com,batese,Test,US,en,Kenyon5%,allstu
Orion,Chambers,S220326,chamberso@beyondmercury.com,chamberso,Test,US,en,Kenyon5%,allstu
Rylan,Caldwell,S220327,caldwellr@beyondmercury.com,caldwellr,Test,US,en,Kenyon5%,allstu
Eduardo,Beck,S220328,becke@beyondmercury.com,becke,Test,US,en,Kenyon5%,allstu
Mario,Lambert,S220329,lambertm@beyondmercury.com,lambertm,Test,US,en,Kenyon5%,allstu
Rory,Miranda,S220330,mirandar@beyondmercury.com,mirandar,Test,US,en,Kenyon5%,allstu
Cristian,Byrd,S220331,byrdc@beyondmercury.com,byrdc,Test,US,en,Kenyon5%,allstu
Odin,Craig,S220332,craigo@beyondmercury.com,craigo,Test,US,en,Kenyon5%,allstu
Tanner,Ayala,S220333,ayalat@beyondmercury.com,ayalat,Test,US,en,Kenyon5%,allstu
Julius,Lowe,S220334,lowej@beyondmercury.com,lowej,Test,US,en,Kenyon5%,allstu
Callum,Frazier,S220335,frazierc@beyondmercury.com,frazierc,Test,US,en,Kenyon5%,allstu
Sean,Powers,S220336,powerss@beyondmercury.com,powerss,Test,US,en,Kenyon5%,allstu
Kane,Neal,S220337,nealk@beyondmercury.com,nealk,Test,US,en,Kenyon5%,allstu
Ricardo,Leonard,S220338,leonardr@beyondmercury.com,leonardr,Test,US,en,Kenyon5%,allstu
Travis,Gregory,S220339,gregoryt@beyondmercury.com,gregoryt,Test,US,en,Kenyon5%,allstu
Wade,Carrillo,S220340,carrillow@beyondmercury.com,carrillow,Test,US,en,Kenyon5%,allstu
Warren,Sutton,S220341,suttonw@beyondmercury.com,suttonw,Test,US,en,Kenyon5%,allstu
Fernando,Fleming,S220342,flemingf@beyondmercury.com,flemingf,Test,US,en,Kenyon5%,allstu
Titus,Rhodes,S220343,rhodest@beyondmercury.com,rhodest,Test,US,en,Kenyon5%,allstu
Leonel,Shelton,S220344,sheltonl@beyondmercury.com,sheltonl,Test,US,en,Kenyon5%,allstu
Edwin,Schwartz,S220345,schwartze@beyondmercury.com,schwartze,Test,US,en,Kenyon5%,allstu
Cairo,Norris,S220346,norrisc@beyondmercury.com,norrisc,Test,US,en,Kenyon5%,allstu
Corbin,Jennings,S220347,jenningsc@beyondmercury.com,jenningsc,Test,US,en,Kenyon5%,allstu
Dakota,Watts,S220348,wattsd@beyondmercury.com,wattsd,Test,US,en,Kenyon5%,allstu
Ismael,Duran,S220349,durani@beyondmercury.com,durani,Test,US,en,Kenyon5%,allstu
Colson,Walters,S220350,waltersc@beyondmercury.com,waltersc,Test,US,en,Kenyon5%,allstu
Killian,Cohen,S220351,cohenk@beyondmercury.com,cohenk,Test,US,en,Kenyon5%,allstu
Major,Mcdaniel,S220352,mcdanielm@beyondmercury.com,mcdanielm,Test,US,en,Kenyon5%,allstu
Tate,Moran,S220353,morant@beyondmercury.com,morant,Test,US,en,Kenyon5%,allstu
Gianni,Parks,S220354,parksg@beyondmercury.com,parksg,Test,US,en,Kenyon5%,allstu
Elian,Steele,S220355,steelee@beyondmercury.com,steelee,Test,US,en,Kenyon5%,allstu
Remy,Vaughn,S220356,vaughnr@beyondmercury.com,vaughnr,Test,US,en,Kenyon5%,allstu
Lawson,Becker,S220357,beckerl@beyondmercury.com,beckerl,Test,US,en,Kenyon5%,allstu
Niko,Holt,S220358,holtn@beyondmercury.com,holtn,Test,US,en,Kenyon5%,allstu
Nasir,Deleon,S220359,deleonn@beyondmercury.com,deleonn,Test,US,en,Kenyon5%,allstu
Kade,Barker,S220360,barkerk@beyondmercury.com,barkerk,Test,US,en,Kenyon5%,allstu
Armani,Terry,S220361,terrya@beyondmercury.com,terrya,Test,US,en,Kenyon5%,allstu
Ezequiel,Hale,S220362,halee@beyondmercury.com,halee,Test,US,en,Kenyon5%,allstu
Marshall,Leon,S220363,leonm@beyondmercury.com,leonm,Test,US,en,Kenyon5%,allstu
Hector,Hail,S220364,hailh@beyondmercury.com,hailh,Test,US,en,Kenyon5%,allstu
Desmond,Benson,S220365,bensond@beyondmercury.com,bensond,Test,US,en,Kenyon5%,allstu
Kason,Haynes,S220366,haynesk@beyondmercury.com,haynesk,Test,US,en,Kenyon5%,allstu
Garrett,Horton,S220367,hortong@beyondmercury.com,hortong,Test,US,en,Kenyon5%,allstu
Jared,Miles,S220368,milesj@beyondmercury.com,milesj,Test,US,en,Kenyon5%,allstu
Cyrus,Lyons,S220369,lyonsc@beyondmercury.com,lyonsc,Test,US,en,Kenyon5%,allstu
Russell,Pham,S220370,phamr@beyondmercury.com,phamr,Test,US,en,Kenyon5%,allstu
Cesar,Graves,S220371,gravesc@beyondmercury.com,gravesc,Test,US,en,Kenyon5%,allstu
Tyson,Bush,S220372,busht@beyondmercury.com,busht,Test,US,en,Kenyon5%,allstu
Malik,Thornton,S220373,thorntonm@beyondmercury.com,thorntonm,Test,US,en,Kenyon5%,allstu
Donovan,Wolfe,S220374,wolfed@beyondmercury.com,wolfed,Test,US,en,Kenyon5%,allstu
Jaxton,Warner,S220375,warnerj@beyondmercury.com,warnerj,Test,US,en,Kenyon5%,allstu
Cade,Cabrera,S220376,cabrerac@beyondmercury.com,cabrerac,Test,US,en,Kenyon5%,allstu
Romeo,Mckinney,S220377,mckinneyr@beyondmercury.com,mckinneyr,Test,US,en,Kenyon5%,allstu
Nehemiah,Mann,S220378,mannn@beyondmercury.com,mannn,Test,US,en,Kenyon5%,allstu
Sergio,Zimmerman,S220379,zimmermans@beyondmercury.com,zimmermans,Test,US,en,Kenyon5%,allstu
Iker,Dawson,S220380,dawsoni@beyondmercury.com,dawsoni,Test,US,en,Kenyon5%,allstu
Caiden,Lara,S220381,larac@beyondmercury.com,larac,Test,US,en,Kenyon5%,allstu
Jay,Fletcher,S220382,fletcherj@beyondmercury.com,fletcherj,Test,US,en,Kenyon5%,allstu
Pablo,Page,S220383,pagep@beyondmercury.com,pagep,Test,US,en,Kenyon5%,allstu
Devin,Mccarthy,S220384,mccarthyd@beyondmercury.com,mccarthyd,Test,US,en,Kenyon5%,allstu
Jeffrey,Love,S220385,lovej@beyondmercury.com,lovej,Test,US,en,Kenyon5%,allstu
Otto,Robles,S220386,robleso@beyondmercury.com,robleso,Test,US,en,Kenyon5%,allstu
Kamari,Cervantes,S220387,cervantesk@beyondmercury.com,cervantesk,Test,US,en,Kenyon5%,allstu
Ronin,Solis,S220388,solisr@beyondmercury.com,solisr,Test,US,en,Kenyon5%,allstu
Johnny,Erickson,S220389,ericksonj@beyondmercury.com,ericksonj,Test,US,en,Kenyon5%,allstu
Clark,Reeves,S220390,reevesc@beyondmercury.com,reevesc,Test,US,en,Kenyon5%,allstu
Ari,Chang,S220391,changa@beyondmercury.com,changa,Test,US,en,Kenyon5%,allstu
Marco,Klein,S220392,kleinm@beyondmercury.com,kleinm,Test,US,en,Kenyon5%,allstu
Edgar,Salinas,S220393,salinase@beyondmercury.com,salinase,Test,US,en,Kenyon5%,allstu
Bowen,Fuentes,S220394,fuentesb@beyondmercury.com,fuentesb,Test,US,en,Kenyon5%,allstu
Jaiden,Baldwin,S220395,baldwinj@beyondmercury.com,baldwinj,Test,US,en,Kenyon5%,allstu
Grady,Daniel,S220396,danielg@beyondmercury.com,danielg,Test,US,en,Kenyon5%,allstu
Zayne,Simon,S220397,simonz@beyondmercury.com,simonz,Test,US,en,Kenyon5%,allstu
Sullivan,Velasquez,S220398,velasquezs@beyondmercury.com,velasquezs,Test,US,en,Kenyon5%,allstu
Jayceon,Hardy,S220399,hardyj@beyondmercury.com,hardyj,Test,US,en,Kenyon5%,allstu
Sterling,Higgins,S220400,higginss@beyondmercury.com,higginss,Test,US,en,Kenyon5%,allstu
Andy,Aguirre,S220401,aguirrea@beyondmercury.com,aguirrea,Test,US,en,Kenyon5%,allstu
Conor,Lin,S220402,linc@beyondmercury.com,linc,Test,US,en,Kenyon5%,allstu
Raiden,Cummings,S220403,cummingsr@beyondmercury.com,cummingsr,Test,US,en,Kenyon5%,allstu
Royal,Chandler,S220404,chandlerr@beyondmercury.com,chandlerr,Test,US,en,Kenyon5%,allstu
Royce,Sharp,S220405,sharpr@beyondmercury.com,sharpr,Test,US,en,Kenyon5%,allstu
Solomon,Barber,S220406,barbers@beyondmercury.com,barbers,Test,US,en,Kenyon5%,allstu
Trevor,Bowen,S220407,bowent@beyondmercury.com,bowent,Test,US,en,Kenyon5%,allstu
Winston,Ochoa,S220408,ochoaw@beyondmercury.com,ochoaw,Test,US,en,Kenyon5%,allstu
Emanuel,Dennis,S220409,dennise@beyondmercury.com,dennise,Test,US,en,Kenyon5%,allstu
Finnegan,Robbins,S220410,robbinsf@beyondmercury.com,robbinsf,Test,US,en,Kenyon5%,allstu
Pedro,Liu,S220411,liup@beyondmercury.com,liup,Test,US,en,Kenyon5%,allstu
Luciano,Ramsey,S220412,ramseyl@beyondmercury.com,ramseyl,Test,US,en,Kenyon5%,allstu
Harvey,Francis,S220413,francish@beyondmercury.com,francish,Test,US,en,Kenyon5%,allstu
Franklin,Griffith,S220414,griffithf@beyondmercury.com,griffithf,Test,US,en,Kenyon5%,allstu
Noel,Paul,S220415,pauln@beyondmercury.com,pauln,Test,US,en,Kenyon5%,allstu
Troy,Blair,S220416,blairt@beyondmercury.com,blairt,Test,US,en,Kenyon5%,allstu
Princeton,Oconnor,S220417,oconnorp@beyondmercury.com,oconnorp,Test,US,en,Kenyon5%,allstu
Johnathan,Cardenas,S220418,cardenasj@beyondmercury.com,cardenasj,Test,US,en,Kenyon5%,allstu
Erik,Pacheco,S220419,pachecoe@beyondmercury.com,pachecoe,Test,US,en,Kenyon5%,allstu
Fabian,Cross,S220420,crossf@beyondmercury.com,crossf,Test,US,en,Kenyon5%,allstu
Oakley,Calderon,S220421,calderono@beyondmercury.com,calderono,Test,US,en,Kenyon5%,allstu
Rhys,Quinn,S220422,quinnr@beyondmercury.com,quinnr,Test,US,en,Kenyon5%,allstu
Porter,Moss,S220423,mossp@beyondmercury.com,mossp,Test,US,en,Kenyon5%,allstu
Hugo,Swanson,S220424,swansonh@beyondmercury.com,swansonh,Test,US,en,Kenyon5%,allstu
Frank,Chan,S220425,chanf@beyondmercury.com,chanf,Test,US,en,Kenyon5%,allstu
Damon,Rivas,S220426,rivasd@beyondmercury.com,rivasd,Test,US,en,Kenyon5%,allstu
Kendrick,Khan,S220427,khank@beyondmercury.com,khank,Test,US,en,Kenyon5%,allstu
Mathias,Rodgers,S220428,rodgersm@beyondmercury.com,rodgersm,Test,US,en,Kenyon5%,allstu
Milan,Serrano,S220429,serranom@beyondmercury.com,serranom,Test,US,en,Kenyon5%,allstu
Peyton,Fitzgerald,S220430,fitzgeraldp@beyondmercury.com,fitzgeraldp,Test,US,en,Kenyon5%,allstu
Wilder,Rosales,S220431,rosalesw@beyondmercury.com,rosalesw,Test,US,en,Kenyon5%,allstu
Callan,Stevenson,S220432,stevensonc@beyondmercury.com,stevensonc,Test,US,en,Kenyon5%,allstu
Gregory,Christensen,S220433,christenseng@beyondmercury.com,christenseng,Test,US,en,Kenyon5%,allstu
Seth,Manning,S220434,mannings@beyondmercury.com,mannings,Test,US,en,Kenyon5%,allstu
Matthias,Gill,S220435,gillm@beyondmercury.com,gillm,Test,US,en,Kenyon5%,allstu
Briggs,Curry,S220436,curryb@beyondmercury.com,curryb,Test,US,en,Kenyon5%,allstu
Ibrahim,Mclaughlin,S220437,mclaughlini@beyondmercury.com,mclaughlini,Test,US,en,Kenyon5%,allstu
Roberto,Harmon,S220438,harmonr@beyondmercury.com,harmonr,Test,US,en,Kenyon5%,allstu
Conner,Mcgee,S220439,mcgeec@beyondmercury.com,mcgeec,Test,US,en,Kenyon5%,allstu
Quinn,Gross,S220440,grossq@beyondmercury.com,grossq,Test,US,en,Kenyon5%,allstu
Kashton,Doyle,S220441,doylek@beyondmercury.com,doylek,Test,US,en,Kenyon5%,allstu
Sage,Garner,S220442,garners@beyondmercury.com,garners,Test,US,en,Kenyon5%,allstu
Santino,Newton,S220443,newtons@beyondmercury.com,newtons,Test,US,en,Kenyon5%,allstu
Kolton,Burgess,S220444,burgessk@beyondmercury.com,burgessk,Test,US,en,Kenyon5%,allstu
Alijah,Reese,S220445,reesea@beyondmercury.com,reesea,Test,US,en,Kenyon5%,allstu
Dominick,Walton,S220446,waltond@beyondmercury.com,waltond,Test,US,en,Kenyon5%,allstu
Zyaire,Blake,S220447,blakez@beyondmercury.com,blakez,Test,US,en,Kenyon5%,allstu
Apollo,Trujillo,S220448,trujilloa@beyondmercury.com,trujilloa,Test,US,en,Kenyon5%,allstu
Kylo,Adkins,S220449,adkinsk@beyondmercury.com,adkinsk,Test,US,en,Kenyon5%,allstu
Reed,Brady,S220450,bradyr@beyondmercury.com,bradyr,Test,US,en,Kenyon5%,allstu
Philip,Goodman,S220451,goodmanp@beyondmercury.com,goodmanp,Test,US,en,Kenyon5%,allstu
Kian,Roman,S220452,romank@beyondmercury.com,romank,Test,US,en,Kenyon5%,allstu
Shawn,Webster,S220453,websters@beyondmercury.com,websters,Test,US,en,Kenyon5%,allstu
Kaison,Goodwin,S220454,goodwink@beyondmercury.com,goodwink,Test,US,en,Kenyon5%,allstu
Leonidas,Fischer,S220455,fischerl@beyondmercury.com,fischerl,Test,US,en,Kenyon5%,allstu
Ayaan,Huang,S220456,huanga@beyondmercury.com,huanga,Test,US,en,Kenyon5%,allstu
Lucca,Potter,S220457,potterl@beyondmercury.com,potterl,Test,US,en,Kenyon5%,allstu
Memphis,Delacruz,S220458,delacruzm@beyondmercury.com,delacruzm,Test,US,en,Kenyon5%,allstu
Ford,Montoya,S220459,montoyaf@beyondmercury.com,montoyaf,Test,US,en,Kenyon5%,allstu
Baylor,Todd,S220460,toddb@beyondmercury.com,toddb,Test,US,en,Kenyon5%,allstu
Kyson,Wu,S220461,wuk@beyondmercury.com,wuk,Test,US,en,Kenyon5%,allstu
Uriel,Hines,S220462,hinesu@beyondmercury.com,hinesu,Test,US,en,Kenyon5%,allstu
Allen,Mullins,S220463,mullinsa@beyondmercury.com,mullinsa,Test,US,en,Kenyon5%,allstu
Collin,Castaneda,S220464,castanedac@beyondmercury.com,castanedac,Test,US,en,Kenyon5%,allstu
Ruben,Malone,S220465,maloner@beyondmercury.com,maloner,Test,US,en,Kenyon5%,allstu
Archie,Cannon,S220466,cannona@beyondmercury.com,cannona,Test,US,en,Kenyon5%,allstu
Dalton,Tate,S220467,tated@beyondmercury.com,tated,Test,US,en,Kenyon5%,allstu
Esteban,Mack,S220468,macke@beyondmercury.com,macke,Test,US,en,Kenyon5%,allstu
Adan,Sherman,S220469,shermana@beyondmercury.com,shermana,Test,US,en,Kenyon5%,allstu
Forrest,Hubbard,S220470,hubbardf@beyondmercury.com,hubbardf,Test,US,en,Kenyon5%,allstu
Alonzo,Hodges,S220471,hodgesa@beyondmercury.com,hodgesa,Test,US,en,Kenyon5%,allstu
Isaias,Zhang,S220472,zhangi@beyondmercury.com,zhangi,Test,US,en,Kenyon5%,allstu
Leland,Guerra,S220473,guerral@beyondmercury.com,guerral,Test,US,en,Kenyon5%,allstu
Jase,Wolf,S220474,wolfj@beyondmercury.com,wolfj,Test,US,en,Kenyon5%,allstu
Dax,Valencia,S220475,valenciad@beyondmercury.com,valenciad,Test,US,en,Kenyon5%,allstu
Kasen,Franco,S220476,francok@beyondmercury.com,francok,Test,US,en,Kenyon5%,allstu
Gage,Saunders,S220477,saundersg@beyondmercury.com,saundersg,Test,US,en,Kenyon5%,allstu
Kamden,Rowe,S220478,rowek@beyondmercury.com,rowek,Test,US,en,Kenyon5%,allstu
Marcos,Gallagher,S220479,gallagherm@beyondmercury.com,gallagherm,Test,US,en,Kenyon5%,allstu
Jamison,Farmer,S220480,farmerj@beyondmercury.com,farmerj,Test,US,en,Kenyon5%,allstu
Francis,Hammond,S220481,hammondf@beyondmercury.com,hammondf,Test,US,en,Kenyon5%,allstu
Hank,Hampton,S220482,hamptonh@beyondmercury.com,hamptonh,Test,US,en,Kenyon5%,allstu
Alexis,Townsend,S220483,townsenda@beyondmercury.com,townsenda,Test,US,en,Kenyon5%,allstu
Tripp,Ingram,S220484,ingramt@beyondmercury.com,ingramt,Test,US,en,Kenyon5%,allstu
Frederick,Wise,S220485,wisef@beyondmercury.com,wisef,Test,US,en,Kenyon5%,allstu
Jonas,Gallegos,S220486,gallegosj@beyondmercury.com,gallegosj,Test,US,en,Kenyon5%,allstu
Stetson,Clarke,S220487,clarkes@beyondmercury.com,clarkes,Test,US,en,Kenyon5%,allstu
Cassius,Barton,S220488,bartonc@beyondmercury.com,bartonc,Test,US,en,Kenyon5%,allstu
Izaiah,Schroeder,S220489,schroederi@beyondmercury.com,schroederi,Test,US,en,Kenyon5%,allstu
Eden,Maxwell,S220490,maxwelle@beyondmercury.com,maxwelle,Test,US,en,Kenyon5%,allstu
Maximilian,Waters,S220491,watersm@beyondmercury.com,watersm,Test,US,en,Kenyon5%,allstu
Rocco,Logan,S220492,loganr@beyondmercury.com,loganr,Test,US,en,Kenyon5%,allstu
Tatum,Camacho,S220493,camachot@beyondmercury.com,camachot,Test,US,en,Kenyon5%,allstu
Keegan,Strickland,S220494,stricklandk@beyondmercury.com,stricklandk,Test,US,en,Kenyon5%,allstu
Aziel,Norman,S220495,normana@beyondmercury.com,normana,Test,US,en,Kenyon5%,allstu
Moses,Person,S220496,personm@beyondmercury.com,personm,Test,US,en,Kenyon5%,allstu
Bruce,Colon,S220497,colonb@beyondmercury.com,colonb,Test,US,en,Kenyon5%,allstu
Lewis,Parsons,S220498,parsonsl@beyondmercury.com,parsonsl,Test,GB,en,Kenyon5%,allstu
Braylen,Frank,S220499,frankb@beyondmercury.com,frankb,Test,US,en,Kenyon5%,allstu
Omari,Harrington,S220500,harringtono@beyondmercury.com,harringtono,Test,US,en,Kenyon5%,allstu
Mack,Glover,S220501,gloverm@beyondmercury.com,gloverm,Test,US,en,Kenyon5%,allstu
Augustus,Osborne,S220502,osbornea@beyondmercury.com,osbornea,Test,US,en,Kenyon5%,allstu
Enrique,Buchanan,S220503,buchanane@beyondmercury.com,buchanane,Test,US,en,Kenyon5%,allstu
Armando,Casey,S220504,caseya@beyondmercury.com,caseya,Test,US,en,Kenyon5%,allstu
Pierce,Floyd,S220505,floydp@beyondmercury.com,floydp,Test,US,en,Kenyon5%,allstu
Moises,Patton,S220506,pattonm@beyondmercury.com,pattonm,Test,US,en,Kenyon5%,allstu
Asa,Ibarra,S220507,ibarraa@beyondmercury.com,ibarraa,Test,US,en,Kenyon5%,allstu
Shane,Ball,S220508,balls@beyondmercury.com,balls,Test,US,en,Kenyon5%,allstu
Emmitt,Tyler,S220509,tylere@beyondmercury.com,tylere,Test,US,en,Kenyon5%,allstu
Soren,Suarez,S220510,suarezs@beyondmercury.com,suarezs,Test,US,en,Kenyon5%,allstu
Dorian,Bowers,S220511,bowersd@beyondmercury.com,bowersd,Test,US,en,Kenyon5%,allstu
Keanu,Orozco,S220512,orozcok@beyondmercury.com,orozcok,Test,US,en,Kenyon5%,allstu
Zaiden,Salas,S220513,salasz@beyondmercury.com,salasz,Test,US,en,Kenyon5%,allstu
Raphael,Cobb,S220514,cobbr@beyondmercury.com,cobbr,Test,US,en,Kenyon5%,allstu
Deacon,Gibbs,S220515,gibbsd@beyondmercury.com,gibbsd,Test,US,en,Kenyon5%,allstu
Abdiel,Andrade,S220516,andradea@beyondmercury.com,andradea,Test,US,en,Kenyon5%,allstu
Kieran,Bauer,S220517,bauerk@beyondmercury.com,bauerk,Test,US,en,Kenyon5%,allstu
Phillip,Conner,S220518,connerp@beyondmercury.com,connerp,Test,US,en,Kenyon5%,allstu
Ryland,Moody,S220519,moodyr@beyondmercury.com,moodyr,Test,US,en,Kenyon5%,allstu
Zachariah,Escobar,S220520,escobarz@beyondmercury.com,escobarz,Test,US,en,Kenyon5%,allstu
Casey,Mcguire,S220521,mcguirec@beyondmercury.com,mcguirec,Test,US,en,Kenyon5%,allstu
Zaire,Lloyd,S220522,lloydz@beyondmercury.com,lloydz,Test,US,en,Kenyon5%,allstu
Albert,Mueller,S220523,muellera@beyondmercury.com,muellera,Test,US,en,Kenyon5%,allstu
Baker,Hartman,S220524,hartmanb@beyondmercury.com,hartmanb,Test,US,en,Kenyon5%,allstu
Corey,French,S220525,frenchc@beyondmercury.com,frenchc,Test,US,en,Kenyon5%,allstu
Kylan,Kramer,S220526,kramerk@beyondmercury.com,kramerk,Test,US,en,Kenyon5%,allstu
Denver,Mcbride,S220527,mcbrided@beyondmercury.com,mcbrided,Test,US,en,Kenyon5%,allstu
Gunnar,Pope,S220528,popeg@beyondmercury.com,popeg,Test,US,en,Kenyon5%,allstu
Jayson,Lindsey,S220529,lindseyj@beyondmercury.com,lindseyj,Test,US,en,Kenyon5%,allstu
Drew,Velazquez,S220530,velazquezd@beyondmercury.com,velazquezd,Test,US,en,Kenyon5%,allstu
Callen,Norton,S220531,nortonc@beyondmercury.com,nortonc,Test,US,en,Kenyon5%,allstu
Jasiah,Mccormick,S220532,mccormickj@beyondmercury.com,mccormickj,Test,US,en,Kenyon5%,allstu
Drake,Sparks,S220533,sparksd@beyondmercury.com,sparksd,Test,US,en,Kenyon5%,allstu
Kannon,Flynn,S220534,flynnk@beyondmercury.com,flynnk,Test,US,en,Kenyon5%,allstu
Braylon,Yates,S220535,yatesb@beyondmercury.com,yatesb,Test,US,en,Kenyon5%,allstu
Sonny,Hogan,S220536,hogans@beyondmercury.com,hogans,Test,US,en,Kenyon5%,allstu
Bo,Marsh,S220537,marshb@beyondmercury.com,marshb,Test,US,en,Kenyon5%,allstu
Moshe,Macias,S220538,maciasm@beyondmercury.com,maciasm,Test,US,en,Kenyon5%,allstu
Huxley,Villanueva,S220539,villanuevah@beyondmercury.com,villanuevah,Test,US,en,Kenyon5%,allstu
Quentin,Zamora,S220540,zamoraq@beyondmercury.com,zamoraq,Test,US,en,Kenyon5%,allstu
Rowen,Pratt,S220541,prattr@beyondmercury.com,prattr,Test,US,en,Kenyon5%,allstu
Santana,Stokes,S220542,stokess@beyondmercury.com,stokess,Test,US,en,Kenyon5%,allstu
Cannon,Owen,S220543,owenc@beyondmercury.com,owenc,Test,US,en,Kenyon5%,allstu
Kenzo,Ballard,S220544,ballardk@beyondmercury.com,ballardk,Test,US,en,Kenyon5%,allstu
Wells,Lang,S220545,langw@beyondmercury.com,langw,Test,US,en,Kenyon5%,allstu
Julio,Brock,S220546,brockj@beyondmercury.com,brockj,Test,US,en,Kenyon5%,allstu
Nikolai,Villarreal,S220547,villarrealn@beyondmercury.com,villarrealn,Test,US,en,Kenyon5%,allstu
Conrad,Charles,S220548,charlesc@beyondmercury.com,charlesc,Test,US,en,Kenyon5%,allstu
Jalen,Drake,S220549,drakej@beyondmercury.com,drakej,Test,US,en,Kenyon5%,allstu
Makai,Barrera,S220550,barreram@beyondmercury.com,barreram,Test,US,en,Kenyon5%,allstu
Benson,Cain,S220551,cainb@beyondmercury.com,cainb,Test,US,en,Kenyon5%,allstu
Derrick,Patrick,S220552,patrickd@beyondmercury.com,patrickd,Test,US,en,Kenyon5%,allstu
Gerardo,Pineda,S220553,pinedag@beyondmercury.com,pinedag,Test,US,en,Kenyon5%,allstu
Davis,Burnett,S220554,burnettd@beyondmercury.com,burnettd,Test,US,en,Kenyon5%,allstu
Abram,Mercado,S220555,mercadoa@beyondmercury.com,mercadoa,Test,US,en,Kenyon5%,allstu
Mohamed,Santana,S220556,santanam@beyondmercury.com,santanam,Test,US,en,Kenyon5%,allstu
Ronald,Shepherd,S220557,shepherdr@beyondmercury.com,shepherdr,Test,US,en,Kenyon5%,allstu
Raul,Bautista,S220558,bautistar@beyondmercury.com,bautistar,Test,US,en,Kenyon5%,allstu
Arjun,Ali,S220559,alia@beyondmercury.com,alia,Test,US,en,Kenyon5%,allstu
Dexter,Shaffer,S220560,shafferd@beyondmercury.com,shafferd,Test,US,en,Kenyon5%,allstu
Kaysen,Lamb,S220561,lambk@beyondmercury.com,lambk,Test,US,en,Kenyon5%,allstu
Jaime,Trevino,S220562,trevinoj@beyondmercury.com,trevinoj,Test,US,en,Kenyon5%,allstu
Scott,Mckenzie,S220563,mckenzies@beyondmercury.com,mckenzies,Test,US,en,Kenyon5%,allstu
Lawrence,Hess,S220564,hessl@beyondmercury.com,hessl,Test,US,en,Kenyon5%,allstu
Ariel,Beil,S220565,beila@beyondmercury.com,beila,Test,US,en,Kenyon5%,allstu
Skyler,Olsen,S220566,olsens@beyondmercury.com,olsens,Test,US,en,Kenyon5%,allstu
Danny,Cochran,S220567,cochrand@beyondmercury.com,cochrand,Test,US,en,Kenyon5%,allstu
Roland,Morton,S220568,mortonr@beyondmercury.com,mortonr,Test,US,en,Kenyon5%,allstu
Chandler,Nash,S220569,nashc@beyondmercury.com,nashc,Test,US,en,Kenyon5%,allstu
Yusuf,Wilkins,S220570,wilkinsy@beyondmercury.com,wilkinsy,Test,US,en,Kenyon5%,allstu
Samson,Petersen,S220571,petersens@beyondmercury.com,petersens,Test,US,en,Kenyon5%,allstu
Case,Briggs,S220572,briggsc@beyondmercury.com,briggsc,Test,US,en,Kenyon5%,allstu
Zain,Shah,S220573,shahz@beyondmercury.com,shahz,Test,US,en,Kenyon5%,allstu
Roy,Roth,S220574,rothr@beyondmercury.com,rothr,Test,US,en,Kenyon5%,allstu
Rodrigo,Nicholson,S220575,nicholsonr@beyondmercury.com,nicholsonr,Test,US,en,Kenyon5%,allstu
Sutton,Holloway,S220576,holloways@beyondmercury.com,holloways,Test,US,en,Kenyon5%,allstu
Boone,Lozano,S220577,lozanob@beyondmercury.com,lozanob,Test,US,en,Kenyon5%,allstu
Saint,Flowers,S220578,flowerss@beyondmercury.com,flowerss,Test,US,en,Kenyon5%,allstu
Saul,Rangel,S220579,rangels@beyondmercury.com,rangels,Test,US,en,Kenyon5%,allstu
Jaziel,Hoover,S220580,hooverj@beyondmercury.com,hooverj,Test,US,en,Kenyon5%,allstu
Hezekiah,Arias,S220581,ariash@beyondmercury.com,ariash,Test,US,en,Kenyon5%,allstu
Alec,Short,S220582,shorta@beyondmercury.com,shorta,Test,US,en,Kenyon5%,allstu
Arturo,Mora,S220583,moraa@beyondmercury.com,moraa,Test,US,en,Kenyon5%,allstu
Jamari,Valenzuela,S220584,valenzuelaj@beyondmercury.com,valenzuelaj,Test,US,en,Kenyon5%,allstu
Jaxtyn,Bryan,S220585,bryanj@beyondmercury.com,bryanj,Test,US,en,Kenyon5%,allstu
Julien,Meyers,S220586,meyersj@beyondmercury.com,meyersj,Test,US,en,Kenyon5%,allstu
Koa,Weiss,S220587,weissk@beyondmercury.com,weissk,Test,US,en,Kenyon5%,allstu
Reece,Underwood,S220588,underwoodr@beyondmercury.com,underwoodr,Test,US,en,Kenyon5%,allstu
Landen,Bass,S220589,bassl@beyondmercury.com,bassl,Test,US,en,Kenyon5%,allstu
Koda,Greer,S220590,greerk@beyondmercury.com,greerk,Test,US,en,Kenyon5%,allstu
Darius,Summers,S220591,summersd@beyondmercury.com,summersd,Test,US,en,Kenyon5%,allstu
Sylas,Houston,S220592,houstons@beyondmercury.com,houstons,Test,US,en,Kenyon5%,allstu
Ares,Carson,S220593,carsona@beyondmercury.com,carsona,Test,US,en,Kenyon5%,allstu
Kyree,Morrow,S220594,morrowk@beyondmercury.com,morrowk,Test,US,en,Kenyon5%,allstu
Boston,Clayton,S220595,claytonb@beyondmercury.com,claytonb,Test,US,en,Kenyon5%,allstu
Keith,Whitaker,S220596,whitakerk@beyondmercury.com,whitakerk,Test,US,en,Kenyon5%,allstu
Taylor,Decker,S220597,deckert@beyondmercury.com,deckert,Test,US,en,Kenyon5%,allstu
Johan,Yoder,S220598,yoderj@beyondmercury.com,yoderj,Test,US,en,Kenyon5%,allstu
Edison,Collier,S220599,colliere@beyondmercury.com,colliere,Test,US,en,Kenyon5%,allstu
Sincere,Zuniga,S220600,zunigas@beyondmercury.com,zunigas,Test,US,en,Kenyon5%,allstu
Watson,Carey,S220601,careyw@beyondmercury.com,careyw,Test,US,en,Kenyon5%,allstu
Jerry,Wilcox,S220602,wilcoxj@beyondmercury.com,wilcoxj,Test,US,en,Kenyon5%,allstu
Nikolas,Melendez,S220603,melendezn@beyondmercury.com,melendezn,Test,US,en,Kenyon5%,allstu
Quincy,Poole,S220604,pooleq@beyondmercury.com,pooleq,Test,US,en,Kenyon5%,allstu
Shepherd,Roberson,S220605,robersons@beyondmercury.com,robersons,Test,US,en,Kenyon5%,allstu
Brycen,Larsen,S220606,larsenb@beyondmercury.com,larsenb,Test,US,en,Kenyon5%,allstu
Marvin,Conley,S220607,conleym@beyondmercury.com,conleym,Test,US,en,Kenyon5%,allstu
Dariel,Davenport,S220608,davenportd@beyondmercury.com,davenportd,Test,US,en,Kenyon5%,allstu
Axton,Copeland,S220609,copelanda@beyondmercury.com,copelanda,Test,US,en,Kenyon5%,allstu
Donald,Massey,S220610,masseyd@beyondmercury.com,masseyd,Test,US,en,Kenyon5%,allstu
Bodie,Lam,S220611,lamb@beyondmercury.com,lamb,Test,US,en,Kenyon5%,allstu
Finnley,Huff,S220612,hufff@beyondmercury.com,hufff,Test,US,en,Kenyon5%,allstu
Onyx,Rocha,S220613,rochao@beyondmercury.com,rochao,Test,US,en,Kenyon5%,allstu
Rayan,Cameron,S220614,cameronr@beyondmercury.com,cameronr,Test,US,en,Kenyon5%,allstu
Raylan,Jefferson,S220615,jeffersonr@beyondmercury.com,jeffersonr,Test,US,en,Kenyon5%,allstu
Brixton,Hood,S220616,hoodb@beyondmercury.com,hoodb,Test,US,en,Kenyon5%,allstu
Colby,Monroe,S220617,monroec@beyondmercury.com,monroec,Test,US,en,Kenyon5%,allstu
Shiloh,Anthony,S220618,anthonys@beyondmercury.com,anthonys,Test,US,en,Kenyon5%,allstu
Valentino,Pittman,S220619,pittmanv@beyondmercury.com,pittmanv,Test,US,en,Kenyon5%,allstu
Layton,Huynh,S220620,huynhl@beyondmercury.com,huynhl,Test,US,en,Kenyon5%,allstu
Trenton,Randall,S220621,randallt@beyondmercury.com,randallt,Test,US,en,Kenyon5%,allstu
Landyn,Singleton,S220622,singletonl@beyondmercury.com,singletonl,Test,US,en,Kenyon5%,allstu
Alessandro,Kirk,S220623,kirka@beyondmercury.com,kirka,Test,US,en,Kenyon5%,allstu
Ahmad,Combs,S220624,combsa@beyondmercury.com,combsa,Test,US,en,Kenyon5%,allstu
Gustavo,Mathis,S220625,mathisg@beyondmercury.com,mathisg,Test,US,en,Kenyon5%,allstu
Ledger,Christian,S220626,christianl@beyondmercury.com,christianl,Test,US,en,Kenyon5%,allstu
Ridge,Skinner,S220627,skinnerr@beyondmercury.com,skinnerr,Test,US,en,Kenyon5%,allstu
Ander,Bradford,S220628,bradforda@beyondmercury.com,bradforda,Test,US,en,Kenyon5%,allstu
Ahmed,Richard,S220629,richarda@beyondmercury.com,richarda,Test,US,en,Kenyon5%,allstu
Kingsley,Galvan,S220630,galvank@beyondmercury.com,galvank,Test,US,en,Kenyon5%,allstu
Issac,Wall,S220631,walli@beyondmercury.com,walli,Test,US,en,Kenyon5%,allstu
Mauricio,Boone,S220632,boonem@beyondmercury.com,boonem,Test,US,en,Kenyon5%,allstu
Tony,Kirby,S220633,kirbyt@beyondmercury.com,kirbyt,Test,US,en,Kenyon5%,allstu
Leonard,Wilkinson,S220634,wilkinsonl@beyondmercury.com,wilkinsonl,Test,US,en,Kenyon5%,allstu
Mohammed,Bridges,S220635,bridgesm@beyondmercury.com,bridgesm,Test,US,en,Kenyon5%,allstu
Uriah,Bruce,S220636,bruceu@beyondmercury.com,bruceu,Test,US,en,Kenyon5%,allstu
Duke,Atkinson,S220637,atkinsond@beyondmercury.com,atkinsond,Test,US,en,Kenyon5%,allstu
Kareem,Velez,S220638,velezk@beyondmercury.com,velezk,Test,US,en,Kenyon5%,allstu
Lucian,Meza,S220639,mezal@beyondmercury.com,mezal,Test,US,en,Kenyon5%,allstu
Marcelo,Roy,S220640,roym@beyondmercury.com,roym,Test,US,en,Kenyon5%,allstu
Aarav,Vincent,S220641,vincenta@beyondmercury.com,vincenta,Test,US,en,Kenyon5%,allstu
Leandro,York,S220642,yorkl@beyondmercury.com,yorkl,Test,US,en,Kenyon5%,allstu
Reign,Hodge,S220643,hodger@beyondmercury.com,hodger,Test,US,en,Kenyon5%,allstu
Clay,Villa,S220644,villac@beyondmercury.com,villac,Test,US,en,Kenyon5%,allstu
Kohen,Abbott,S220645,abbottk@beyondmercury.com,abbottk,Test,US,en,Kenyon5%,allstu
Dennis,Allison,S220646,allisond@beyondmercury.com,allisond,Test,US,en,Kenyon5%,allstu
Samir,Tapia,S220647,tapias@beyondmercury.com,tapias,Test,US,en,Kenyon5%,allstu
Ermias,Gates,S220648,gatese@beyondmercury.com,gatese,Test,US,en,Kenyon5%,allstu
Otis,Chase,S220649,chaseo@beyondmercury.com,chaseo,Test,US,en,Kenyon5%,allstu
Emir,Sosa,S220650,sosae@beyondmercury.com,sosae,Test,US,en,Kenyon5%,allstu
Nixon,Sweeney,S220651,sweeneyn@beyondmercury.com,sweeneyn,Test,US,en,Kenyon5%,allstu
Ty,Farrell,S220652,farrellt@beyondmercury.com,farrellt,Test,US,en,Kenyon5%,allstu
Sam,Wyatt,S220653,wyatts@beyondmercury.com,wyatts,Test,US,en,Kenyon5%,allstu
Fletcher,Dalton,S220654,daltonf@beyondmercury.com,daltonf,Test,US,en,Kenyon5%,allstu
Wilson,Horn,S220655,hornw@beyondmercury.com,hornw,Test,US,en,Kenyon5%,allstu
Dustin,Barron,S220656,barrond@beyondmercury.com,barrond,Test,US,en,Kenyon5%,allstu
Hamza,Phelps,S220657,phelpsh@beyondmercury.com,phelpsh,Test,US,en,Kenyon5%,allstu
Bryant,Yu,S220658,yub@beyondmercury.com,yub,Test,US,en,Kenyon5%,allstu
Flynn,Dickerson,S220659,dickersonf@beyondmercury.com,dickersonf,Test,US,en,Kenyon5%,allstu
Lionel,Heath,S220660,heathl@beyondmercury.com,heathl,Test,US,en,Kenyon5%,allstu
Mohammad,Foley,S220661,foleym@beyondmercury.com,foleym,Test,US,en,Kenyon5%,allstu
Cason,Atkins,S220662,atkinsc@beyondmercury.com,atkinsc,Test,US,en,Kenyon5%,allstu
Jamir,Mathews,S220663,mathewsj@beyondmercury.com,mathewsj,Test,US,en,Kenyon5%,allstu
Aden,Bonilla,S220664,bonillaa@beyondmercury.com,bonillaa,Test,US,en,Kenyon5%,allstu
Dakari,Acevedo,S220665,acevedod@beyondmercury.com,acevedod,Test,US,en,Kenyon5%,allstu
Justice,Benitez,S220666,benitezj@beyondmercury.com,benitezj,Test,US,en,Kenyon5%,allstu
Dillon,Zavala,S220667,zavalad@beyondmercury.com,zavalad,Test,US,en,Kenyon5%,allstu
Layne,Hensley,S220668,hensleyl@beyondmercury.com,hensleyl,Test,US,en,Kenyon5%,allstu
Zaid,Glenn,S220669,glennz@beyondmercury.com,glennz,Test,US,en,Kenyon5%,allstu
Alden,Cisneros,S220670,cisnerosa@beyondmercury.com,cisnerosa,Test,US,en,Kenyon5%,allstu
Nelson,Harrell,S220671,harrelln@beyondmercury.com,harrelln,Test,US,en,Kenyon5%,allstu
Devon,Shields,S220672,shieldsd@beyondmercury.com,shieldsd,Test,US,en,Kenyon5%,allstu
Titan,Rubio,S220673,rubiot@beyondmercury.com,rubiot,Test,US,en,Kenyon5%,allstu
Chris,Choi,S220674,choic@beyondmercury.com,choic,Test,KR,ko,Kenyon5%,allstu
Khari,Huffman,S220675,huffmank@beyondmercury.com,huffmank,Test,US,en,Kenyon5%,allstu
Zeke,Boyer,S220676,boyerz@beyondmercury.com,boyerz,Test,US,en,Kenyon5%,allstu
Noe,Garrison,S220677,garrisonn@beyondmercury.com,garrisonn,Test,US,en,Kenyon5%,allstu
Alberto,Arroyo,S220678,arroyoa@beyondmercury.com,arroyoa,Test,US,en,Kenyon5%,allstu
Roger,Bond,S220679,bondr@beyondmercury.com,bondr,Test,US,en,Kenyon5%,allstu
Brock,Kane,S220680,kaneb@beyondmercury.com,kaneb,Test,US,en,Kenyon5%,allstu
Rex,Hancock,S220681,hancockr@beyondmercury.com,hancockr,Test,US,en,Kenyon5%,allstu
Quinton,Callahan,S220682,callahanq@beyondmercury.com,callahanq,Test,US,en,Kenyon5%,allstu
Alvin,Dillon,S220683,dillona@beyondmercury.com,dillona,Test,US,en,Kenyon5%,allstu
Cullen,Cline,S220684,clinec@beyondmercury.com,clinec,Test,US,en,Kenyon5%,allstu
Azariah,Wiggins,S220685,wigginsa@beyondmercury.com,wigginsa,Test,US,en,Kenyon5%,allstu
Harlan,Grimes,S220686,grimesh@beyondmercury.com,grimesh,Test,US,en,Kenyon5%,allstu
Kellan,Arellano,S220687,arellanok@beyondmercury.com,arellanok,Test,US,en,Kenyon5%,allstu
Lennon,Melton,S220688,meltonl@beyondmercury.com,meltonl,Test,US,en,Kenyon5%,allstu
Marcel,Oneill,S220689,oneillm@beyondmercury.com,oneillm,Test,US,en,Kenyon5%,allstu
Keaton,Savage,S220690,savagek@beyondmercury.com,savagek,Test,US,en,Kenyon5%,allstu
Morgan,Ho,S220691,hom@beyondmercury.com,hom,Test,US,en,Kenyon5%,allstu
Ricky,Beltran,S220692,beltranr@beyondmercury.com,beltranr,Test,US,en,Kenyon5%,allstu
Trey,Pitts,S220693,pittst@beyondmercury.com,pittst,Test,US,en,Kenyon5%,allstu
Karsyn,Parrish,S220694,parrishk@beyondmercury.com,parrishk,Test,US,en,Kenyon5%,allstu
Langston,Ponce,S220695,poncel@beyondmercury.com,poncel,Test,US,en,Kenyon5%,allstu
Miller,Rich,S220696,richm@beyondmercury.com,richm,Test,US,en,Kenyon5%,allstu
Chaim,Booth,S220697,boothc@beyondmercury.com,boothc,Test,US,en,Kenyon5%,allstu
Salvador,Koch,S220698,kochs@beyondmercury.com,kochs,Test,US,en,Kenyon5%,allstu
Amias,Golden,S220699,goldena@beyondmercury.com,goldena,Test,US,en,Kenyon5%,allstu
Tadeo,Ware,S220700,waret@beyondmercury.com,waret,Test,US,en,Kenyon5%,allstu
Curtis,Brennan,S220701,brennanc@beyondmercury.com,brennanc,Test,US,en,Kenyon5%,allstu
Lachlan,Mcdowell,S220702,mcdowelll@beyondmercury.com,mcdowelll,Test,US,en,Kenyon5%,allstu
Amos,Marks,S220703,marksa@beyondmercury.com,marksa,Test,US,en,Kenyon5%,allstu
Anakin,Cantu,S220704,cantua@beyondmercury.com,cantua,Test,US,en,Kenyon5%,allstu
Krew,Humphrey,S220705,humphreyk@beyondmercury.com,humphreyk,Test,US,en,Kenyon5%,allstu
Tomas,Baxter,S220706,baxtert@beyondmercury.com,baxtert,Test,US,en,Kenyon5%,allstu
Jefferson,Sawyer,S220707,sawyerj@beyondmercury.com,sawyerj,Test,US,en,Kenyon5%,allstu
Yosef,Clay,S220708,clayy@beyondmercury.com,clayy,Test,US,en,Kenyon5%,allstu
Bruno,Tanner,S220709,tannerb@beyondmercury.com,tannerb,Test,US,en,Kenyon5%,allstu
Korbin,Hutchinson,S220710,hutchinsonk@beyondmercury.com,hutchinsonk,Test,US,en,Kenyon5%,allstu
Augustine,Kaur,S220711,kaura@beyondmercury.com,kaura,Test,US,en,Kenyon5%,allstu
Cayson,Berg,S220712,bergc@beyondmercury.com,bergc,Test,US,en,Kenyon5%,allstu
Mathew,Wiley,S220713,wileym@beyondmercury.com,wileym,Test,US,en,Kenyon5%,allstu
Vihaan,Gilmore,S220714,gilmorev@beyondmercury.com,gilmorev,Test,US,en,Kenyon5%,allstu
Jamie,Russo,S220715,russoj@beyondmercury.com,russoj,Test,US,en,Kenyon5%,allstu
Clyde,Villegas,S220716,villegasc@beyondmercury.com,villegasc,Test,US,en,Kenyon5%,allstu
Brendan,Hobbs,S220717,hobbsb@beyondmercury.com,hobbsb,Test,US,en,Kenyon5%,allstu
Jagger,Keith,S220718,keithj@beyondmercury.com,keithj,Test,US,en,Kenyon5%,allstu
Carmelo,Wilkerson,S220719,wilkersonc@beyondmercury.com,wilkersonc,Test,US,en,Kenyon5%,allstu
Harry,Ahmed,S220720,ahmedh@beyondmercury.com,ahmedh,Test,US,en,Kenyon5%,allstu
Nathanael,Beard,S220721,beardn@beyondmercury.com,beardn,Test,US,en,Kenyon5%,allstu
Mitchell,Mcclain,S220722,mcclainm@beyondmercury.com,mcclainm,Test,US,en,Kenyon5%,allstu
Darren,Montes,S220723,montesd@beyondmercury.com,montesd,Test,US,en,Kenyon5%,allstu
Ray,Mata,S220724,matar@beyondmercury.com,matar,Test,US,en,Kenyon5%,allstu
Jedidiah,Rosario,S220725,rosarioj@beyondmercury.com,rosarioj,Test,US,en,Kenyon5%,allstu
Jimmy,Vang,S220726,vangj@beyondmercury.com,vangj,Test,US,en,Kenyon5%,allstu
Lochlan,S,S220727,sl@beyondmercury.com,sl,Test,US,en,Kenyon5%,allstu
Bellamy,S,S220728,sb@beyondmercury.com,sb,Test,US,en,Kenyon5%,allstu
Eddie,Walter,S220729,waltere@beyondmercury.com,waltere,Test,US,en,Kenyon5%,allstu
Rayden,Henson,S220730,hensonr@beyondmercury.com,hensonr,Test,US,en,Kenyon5%,allstu
Reese,Oneal,S220731,onealr@beyondmercury.com,onealr,Test,US,en,Kenyon5%,allstu
Stanley,Mosley,S220732,mosleys@beyondmercury.com,mosleys,Test,US,en,Kenyon5%,allstu
Joe,Mcclure,S220733,mcclurej@beyondmercury.com,mcclurej,Test,US,en,Kenyon5%,allstu
Houston,Beasley,S220734,beasleyh@beyondmercury.com,beasleyh,Test,US,en,Kenyon5%,allstu
Douglas,Stephenson,S220735,stephensond@beyondmercury.com,stephensond,Test,US,en,Kenyon5%,allstu
Vincenzo,Snow,S220736,snowv@beyondmercury.com,snowv,Test,US,en,Kenyon5%,allstu
Casen,Huerta,S220737,huertac@beyondmercury.com,huertac,Test,US,en,Kenyon5%,allstu
Emery,Preston,S220738,prestone@beyondmercury.com,prestone,Test,US,en,Kenyon5%,allstu
Joziah,Vance,S220739,vancej@beyondmercury.com,vancej,Test,US,en,Kenyon5%,allstu
Leighton,Barry,S220740,barryl@beyondmercury.com,barryl,Test,US,en,Kenyon5%,allstu
Marcellus,Johns,S220741,johnsm@beyondmercury.com,johnsm,Test,US,en,Kenyon5%,allstu
Atreus,Eaton,S220742,eatona@beyondmercury.com,eatona,Test,US,en,Kenyon5%,allstu
Aron,Blackwell,S220743,blackwella@beyondmercury.com,blackwella,Test,US,en,Kenyon5%,allstu
Hugh,Dyer,S220744,dyerh@beyondmercury.com,dyerh,Test,US,en,Kenyon5%,allstu
Musa,Prince,S220745,princem@beyondmercury.com,princem,Test,US,en,Kenyon5%,allstu
Tommy,Macdonald,S220746,macdonaldt@beyondmercury.com,macdonaldt,Test,US,en,Kenyon5%,allstu
Alfredo,Solomon,S220747,solomona@beyondmercury.com,solomona,Test,US,en,Kenyon5%,allstu
Junior,Guevara,S220748,guevaraj@beyondmercury.com,guevaraj,Test,US,en,Kenyon5%,allstu
Neil,Stafford,S220749,staffordn@beyondmercury.com,staffordn,Test,US,en,Kenyon5%,allstu
Westley,English,S220750,englishw@beyondmercury.com,englishw,Test,US,en,Kenyon5%,allstu
Banks,Hurst,S220751,hurstb@beyondmercury.com,hurstb,Test,US,en,Kenyon5%,allstu
Eliel,Woodard,S220752,woodarde@beyondmercury.com,woodarde,Test,US,en,Kenyon5%,allstu
Melvin,Cortes,S220753,cortesm@beyondmercury.com,cortesm,Test,US,en,Kenyon5%,allstu
Maximo,Shannon,S220754,shannonm@beyondmercury.com,shannonm,Test,US,en,Kenyon5%,allstu
Briar,Kemp,S220755,kempb@beyondmercury.com,kempb,Test,US,en,Kenyon5%,allstu
Colten,Nolan,S220756,nolanc@beyondmercury.com,nolanc,Test,NL,nl,Kenyon5%,allstu
Lance,Mccullough,S220757,mcculloughl@beyondmercury.com,mcculloughl,Test,US,en,Kenyon5%,allstu
Nova,Merritt,S220758,merrittn@beyondmercury.com,merrittn,Test,US,en,Kenyon5%,allstu
Trace,Murillo,S220759,murillot@beyondmercury.com,murillot,Test,US,en,Kenyon5%,allstu
Axl,Moon,S220760,moona@beyondmercury.com,moona,Test,US,en,Kenyon5%,allstu
Ramon,Salgado,S220761,salgador@beyondmercury.com,salgador,Test,US,en,Kenyon5%,allstu
Vicente,Strong,S220762,strongv@beyondmercury.com,strongv,Test,US,en,Kenyon5%,allstu
Brennan,Kline,S220763,klineb@beyondmercury.com,klineb,Test,US,en,Kenyon5%,allstu
Caspian,Cordova,S220764,cordovac@beyondmercury.com,cordovac,Test,US,en,Kenyon5%,allstu
Remi,Barajas,S220765,barajasr@beyondmercury.com,barajasr,Test,US,en,Kenyon5%,allstu
Deandre,Roach,S220766,roachd@beyondmercury.com,roachd,Test,US,en,Kenyon5%,allstu
Legacy,Rosas,S220767,rosasl@beyondmercury.com,rosasl,Test,US,en,Kenyon5%,allstu
Lee,Winters,S220768,wintersl@beyondmercury.com,wintersl,Test,US,en,Kenyon5%,allstu
Valentin,Jacobson,S220769,jacobsonv@beyondmercury.com,jacobsonv,Test,US,en,Kenyon5%,allstu
Ben,Lester,S220770,lesterb@beyondmercury.com,lesterb,Test,US,en,Kenyon5%,allstu
Louie,Knox,S220771,knoxl@beyondmercury.com,knoxl,Test,US,en,Kenyon5%,allstu
Westin,Bullock,S220772,bullockw@beyondmercury.com,bullockw,Test,US,en,Kenyon5%,allstu
Wayne,Kerr,S220773,kerrw@beyondmercury.com,kerrw,Test,US,en,Kenyon5%,allstu
Benicio,Leach,S220774,leachb@beyondmercury.com,leachb,Test,US,en,Kenyon5%,allstu
Grey,Meadows,S220775,meadowsg@beyondmercury.com,meadowsg,Test,US,en,Kenyon5%,allstu
Zayd,Davila,S220776,davilaz@beyondmercury.com,davilaz,Test,US,en,Kenyon5%,allstu
Gatlin,Orr,S220777,orrg@beyondmercury.com,orrg,Test,US,en,Kenyon5%,allstu
Mekhi,Whitehead,S220778,whiteheadm@beyondmercury.com,whiteheadm,Test,US,en,Kenyon5%,allstu
Orlando,Pruitt,S220779,pruitto@beyondmercury.com,pruitto,Test,US,en,Kenyon5%,allstu
Bjorn,Kent,S220780,kentb@beyondmercury.com,kentb,Test,US,en,Kenyon5%,allstu
Harley,Conway,S220781,conwayh@beyondmercury.com,conwayh,Test,US,en,Kenyon5%,allstu
Alonso,Mckee,S220782,mckeea@beyondmercury.com,mckeea,Test,US,en,Kenyon5%,allstu
Rio,Barr,S220783,barrr@beyondmercury.com,barrr,Test,US,en,Kenyon5%,allstu
Aldo,David,S220784,davida@beyondmercury.com,davida,Test,US,en,Kenyon5%,allstu
Byron,Dejesus,S220785,dejesusb@beyondmercury.com,dejesusb,Test,US,en,Kenyon5%,allstu
Eliseo,Marin,S220786,marine@beyondmercury.com,marine,Test,US,en,Kenyon5%,allstu
Ernesto,Berger,S220787,bergere@beyondmercury.com,bergere,Test,US,en,Kenyon5%,allstu
Talon,Mcintyre,S220788,mcintyret@beyondmercury.com,mcintyret,Test,US,en,Kenyon5%,allstu
Thaddeus,Blankenship,S220789,blankenshipt@beyondmercury.com,blankenshipt,Test,US,en,Kenyon5%,allstu
Brecken,Gaines,S220790,gainesb@beyondmercury.com,gainesb,Test,US,en,Kenyon5%,allstu
Kace,Palacios,S220791,palaciosk@beyondmercury.com,palaciosk,Test,US,en,Kenyon5%,allstu
Kellen,Cuevas,S220792,cuevask@beyondmercury.com,cuevask,Test,US,en,Kenyon5%,allstu
Enoch,Bartlett,S220793,bartlette@beyondmercury.com,bartlette,Test,US,en,Kenyon5%,allstu
Kiaan,Durham,S220794,durhamk@beyondmercury.com,durhamk,Test,US,en,Kenyon5%,allstu
Lian,Dorsey,S220795,dorseyl@beyondmercury.com,dorseyl,Test,US,en,Kenyon5%,allstu
Creed,Mccall,S220796,mccallc@beyondmercury.com,mccallc,Test,US,en,Kenyon5%,allstu
Rohan,Odonnell,S220797,odonnellr@beyondmercury.com,odonnellr,Test,US,en,Kenyon5%,allstu
Callahan,Stein,S220798,steinc@beyondmercury.com,steinc,Test,US,en,Kenyon5%,allstu
Jaxxon,Browning,S220799,browningj@beyondmercury.com,browningj,Test,US,en,Kenyon5%,allstu
Ocean,Stout,S220800,stouto@beyondmercury.com,stouto,Test,US,en,Kenyon5%,allstu
Crosby,Lowery,S220801,loweryc@beyondmercury.com,loweryc,Test,US,en,Kenyon5%,allstu
Dash,Sloan,S220802,sloand@beyondmercury.com,sloand,Test,US,en,Kenyon5%,allstu
Gary,Mclean,S220803,mcleang@beyondmercury.com,mcleang,Test,US,en,Kenyon5%,allstu
Mylo,Hendricks,S220804,hendricksm@beyondmercury.com,hendricksm,Test,US,en,Kenyon5%,allstu
Ira,Calhoun,S220805,calhouni@beyondmercury.com,calhouni,Test,US,en,Kenyon5%,allstu
Magnus,Sexton,S220806,sextonm@beyondmercury.com,sextonm,Test,US,en,Kenyon5%,allstu
Salem,Chung,S220807,chungs@beyondmercury.com,chungs,Test,US,en,Kenyon5%,allstu
Abdullah,Gentry,S220808,gentrya@beyondmercury.com,gentrya,Test,US,en,Kenyon5%,allstu
Kye,Hull,S220809,hullk@beyondmercury.com,hullk,Test,US,en,Kenyon5%,allstu
Tru,Duarte,S220810,duartet@beyondmercury.com,duartet,Test,US,en,Kenyon5%,allstu
Forest,Ellison,S220811,ellisonf@beyondmercury.com,ellisonf,Test,US,en,Kenyon5%,allstu
Jon,Nielsen,S220812,nielsenj@beyondmercury.com,nielsenj,Test,US,en,Kenyon5%,allstu
Misael,Gillespie,S220813,gillespiem@beyondmercury.com,gillespiem,Test,US,en,Kenyon5%,allstu
Madden,Buck,S220814,buckm@beyondmercury.com,buckm,Test,US,en,Kenyon5%,allstu
Braden,Middleton,S220815,middletonb@beyondmercury.com,middletonb,Test,US,en,Kenyon5%,allstu
Carl,Sellers,S220816,sellersc@beyondmercury.com,sellersc,Test,US,en,Kenyon5%,allstu
Hassan,Leblanc,S220817,leblanch@beyondmercury.com,leblanch,Test,US,en,Kenyon5%,allstu
Emory,Esparza,S220818,esparzae@beyondmercury.com,esparzae,Test,US,en,Kenyon5%,allstu
Kristian,Hardin,S220819,hardink@beyondmercury.com,hardink,Test,US,en,Kenyon5%,allstu
Alaric,Bradshaw,S220820,bradshawa@beyondmercury.com,bradshawa,Test,US,en,Kenyon5%,allstu
Ambrose,Mcintosh,S220821,mcintosha@beyondmercury.com,mcintosha,Test,US,en,Kenyon5%,allstu
Dario,Howe,S220822,howed@beyondmercury.com,howed,Test,US,en,Kenyon5%,allstu
Allan,Livingston,S220823,livingstona@beyondmercury.com,livingstona,Test,US,en,Kenyon5%,allstu
Bode,Frost,S220824,frostb@beyondmercury.com,frostb,Test,US,en,Kenyon5%,allstu
Boden,Glass,S220825,glassb@beyondmercury.com,glassb,Test,US,en,Kenyon5%,allstu
Juelz,Morse,S220826,morsej@beyondmercury.com,morsej,Test,US,en,Kenyon5%,allstu
Kristopher,Knapp,S220827,knappk@beyondmercury.com,knappk,Test,US,en,Kenyon5%,allstu
Genesis,Herman,S220828,hermang@beyondmercury.com,hermang,Test,US,en,Kenyon5%,allstu
Idris,Stark,S220829,starki@beyondmercury.com,starki,Test,US,en,Kenyon5%,allstu
Ameer,Bravo,S220830,bravoa@beyondmercury.com,bravoa,Test,US,en,Kenyon5%,allstu
Anders,Noble,S220831,noblea@beyondmercury.com,noblea,Test,US,en,Kenyon5%,allstu
Darian,Spears,S220832,spearsd@beyondmercury.com,spearsd,Test,US,en,Kenyon5%,allstu
Kase,Weeks,S220833,weeksk@beyondmercury.com,weeksk,Test,US,en,Kenyon5%,allstu
Aryan,Corona,S220834,coronaa@beyondmercury.com,coronaa,Test,US,en,Kenyon5%,allstu
Dane,Frederick,S220835,frederickd@beyondmercury.com,frederickd,Test,US,en,Kenyon5%,allstu
Guillermo,Buckley,S220836,buckleyg@beyondmercury.com,buckleyg,Test,US,en,Kenyon5%,allstu
Elisha,Mcfarland,S220837,mcfarlande@beyondmercury.com,mcfarlande,Test,US,en,Kenyon5%,allstu
Jakobe,Hebert,S220838,hebertj@beyondmercury.com,hebertj,Test,US,en,Kenyon5%,allstu
Thatcher,Enriquez,S220839,enriquezt@beyondmercury.com,enriquezt,Test,US,en,Kenyon5%,allstu
Eugene,Hickman,S220840,hickmane@beyondmercury.com,hickmane,Test,US,en,Kenyon5%,allstu
Ishaan,Quintero,S220841,quinteroi@beyondmercury.com,quinteroi,Test,US,en,Kenyon5%,allstu
Larry,Randolph,S220842,randolphl@beyondmercury.com,randolphl,Test,US,en,Kenyon5%,allstu
Wesson,Schaefer,S220843,schaeferw@beyondmercury.com,schaeferw,Test,US,en,Kenyon5%,allstu
Yehuda,Walls,S220844,wallsy@beyondmercury.com,wallsy,Test,US,en,Kenyon5%,allstu
Alvaro,Trejo,S220845,trejoa@beyondmercury.com,trejoa,Test,US,en,Kenyon5%,allstu
Bobby,House,S220846,houseb@beyondmercury.com,houseb,Test,US,en,Kenyon5%,allstu
Bronson,Reilly,S220847,reillyb@beyondmercury.com,reillyb,Test,US,en,Kenyon5%,allstu
Dilan,Pennington,S220848,penningtond@beyondmercury.com,penningtond,Test,US,en,Kenyon5%,allstu
Kole,Michael,S220849,michaelk@beyondmercury.com,michaelk,Test,US,en,Kenyon5%,allstu
Kyro,Conrad,S220850,conradk@beyondmercury.com,conradk,Test,US,en,Kenyon5%,allstu
Tristen,Giles,S220851,gilest@beyondmercury.com,gilest,Test,US,en,Kenyon5%,allstu
Blaze,Benjamin,S220852,benjaminb@beyondmercury.com,benjaminb,Test,US,en,Kenyon5%,allstu
Brayan,Crosby,S220853,crosbyb@beyondmercury.com,crosbyb,Test,US,en,Kenyon5%,allstu
Jadiel,Fitzpatrick,S220854,fitzpatrickj@beyondmercury.com,fitzpatrickj,Test,US,en,Kenyon5%,allstu
Kamryn,Donovan,S220855,donovank@beyondmercury.com,donovank,Test,US,en,Kenyon5%,allstu
Demetrius,Mays,S220856,maysd@beyondmercury.com,maysd,Test,US,en,Kenyon5%,allstu
Maurice,Mahoney,S220857,mahoneym@beyondmercury.com,mahoneym,Test,US,en,Kenyon5%,allstu
Arian,Valentine,S220858,valentinea@beyondmercury.com,valentinea,Test,US,en,Kenyon5%,allstu
Kabir,Raymond,S220859,raymondk@beyondmercury.com,raymondk,Test,US,en,Kenyon5%,allstu
Rocky,Medrano,S220860,medranor@beyondmercury.com,medranor,Test,US,en,Kenyon5%,allstu
Rudy,Hahn,S220861,hahnr@beyondmercury.com,hahnr,Test,US,en,Kenyon5%,allstu
Randy,Mcmillan,S220862,mcmillanr@beyondmercury.com,mcmillanr,Test,US,en,Kenyon5%,allstu
Rodney,Small,S220863,smallr@beyondmercury.com,smallr,Test,US,en,Kenyon5%,allstu
Yousef,Bentley,S220864,bentleyy@beyondmercury.com,bentleyy,Test,US,en,Kenyon5%,allstu
Felipe,Felix,S220865,felixf@beyondmercury.com,felixf,Test,US,en,Kenyon5%,allstu
Robin,Peck,S220866,peckr@beyondmercury.com,peckr,Test,US,en,Kenyon5%,allstu
Aydin,Lucero,S220867,luceroa@beyondmercury.com,luceroa,Test,US,en,Kenyon5%,allstu
Dior,Boyle,S220868,boyled@beyondmercury.com,boyled,Test,US,en,Kenyon5%,allstu
Kaiser,Hanna,S220869,hannak@beyondmercury.com,hannak,Test,US,en,Kenyon5%,allstu
Van,Pace,S220870,pacev@beyondmercury.com,pacev,Test,US,en,Kenyon5%,allstu
Brodie,Rush,S220871,rushb@beyondmercury.com,rushb,Test,US,en,Kenyon5%,allstu
London,Hurley,S220872,hurleyl@beyondmercury.com,hurleyl,Test,US,en,Kenyon5%,allstu
Eithan,Harding,S220873,hardinge@beyondmercury.com,hardinge,Test,US,en,Kenyon5%,allstu
Stefan,Mcconnell,S220874,mcconnells@beyondmercury.com,mcconnells,Test,US,en,Kenyon5%,allstu
Ulises,Bernal,S220875,bernalu@beyondmercury.com,bernalu,Test,US,en,Kenyon5%,allstu
Camilo,Nava,S220876,navac@beyondmercury.com,navac,Test,US,en,Kenyon5%,allstu
Branson,Ayers,S220877,ayersb@beyondmercury.com,ayersb,Test,US,en,Kenyon5%,allstu
Jakari,Everett,S220878,everettj@beyondmercury.com,everettj,Test,US,en,Kenyon5%,allstu
Judson,Ventura,S220879,venturaj@beyondmercury.com,venturaj,Test,US,en,Kenyon5%,allstu
Yahir,Avery,S220880,averyy@beyondmercury.com,averyy,Test,US,en,Kenyon5%,allstu
Zavier,Pugh,S220881,pughz@beyondmercury.com,pughz,Test,US,en,Kenyon5%,allstu
Damari,Mayer,S220882,mayerd@beyondmercury.com,mayerd,Test,US,en,Kenyon5%,allstu
Jakob,Bender,S220883,benderj@beyondmercury.com,benderj,Test,US,en,Kenyon5%,allstu
Jaxx,Shepard,S220884,shepardj@beyondmercury.com,shepardj,Test,US,en,Kenyon5%,allstu
Bentlee,Mcmahon,S220885,mcmahonb@beyondmercury.com,mcmahonb,Test,US,en,Kenyon5%,allstu
Cain,Landry,S220886,landryc@beyondmercury.com,landryc,Test,US,en,Kenyon5%,allstu
Niklaus,Case,S220887,casen@beyondmercury.com,casen,Test,US,en,Kenyon5%,allstu
Rey,Sampson,S220888,sampsonr@beyondmercury.com,sampsonr,Test,US,en,Kenyon5%,allstu
Zahir,Moses,S220889,mosesz@beyondmercury.com,mosesz,Test,US,en,Kenyon5%,allstu
Aries,Magana,S220890,maganaa@beyondmercury.com,maganaa,Test,US,en,Kenyon5%,allstu
Blaine,Blackburn,S220891,blackburnb@beyondmercury.com,blackburnb,Test,US,en,Kenyon5%,allstu
Kyng,Dunlap,S220892,dunlapk@beyondmercury.com,dunlapk,Test,US,en,Kenyon5%,allstu
Castiel,Gould,S220893,gouldc@beyondmercury.com,gouldc,Test,US,en,Kenyon5%,allstu
Henrik,Duffy,S220894,duffyh@beyondmercury.com,duffyh,Test,US,en,Kenyon5%,allstu
Joey,Vaughan,S220895,vaughanj@beyondmercury.com,vaughanj,Test,US,en,Kenyon5%,allstu
Khalid,Herring,S220896,herringk@beyondmercury.com,herringk,Test,US,en,Kenyon5%,allstu
Bear,Mckay,S220897,mckayb@beyondmercury.com,mckayb,Test,US,en,Kenyon5%,allstu
Graysen,Espinosa,S220898,espinosag@beyondmercury.com,espinosag,Test,US,en,Kenyon5%,allstu
Jair,Rivers,S220899,riversj@beyondmercury.com,riversj,Test,US,en,Kenyon5%,allstu
Kylen,Farley,S220900,farleyk@beyondmercury.com,farleyk,Test,US,en,Kenyon5%,allstu
Darwin,Bernard,S220901,bernardd@beyondmercury.com,bernardd,Test,US,en,Kenyon5%,allstu
Alfred,Ashley,S220902,ashleya@beyondmercury.com,ashleya,Test,US,en,Kenyon5%,allstu
Ayan,Friedman,S220903,friedmana@beyondmercury.com,friedmana,Test,US,en,Kenyon5%,allstu
Kenji,Potts,S220904,pottsk@beyondmercury.com,pottsk,Test,US,en,Kenyon5%,allstu
Zakai,Truong,S220905,truongz@beyondmercury.com,truongz,Test,US,en,Kenyon5%,allstu
Avi,Costa,S220906,costaa@beyondmercury.com,costaa,Test,US,en,Kenyon5%,allstu
Cory,Correa,S220907,correac@beyondmercury.com,correac,Test,US,en,Kenyon5%,allstu
Fisher,Blevins,S220908,blevinsf@beyondmercury.com,blevinsf,Test,US,en,Kenyon5%,allstu
Jacoby,Nixon,S220909,nixonj@beyondmercury.com,nixonj,Test,US,en,Kenyon5%,allstu
Osiris,Clements,S220910,clementso@beyondmercury.com,clementso,Test,US,en,Kenyon5%,allstu
Harlem,Fry,S220911,fryh@beyondmercury.com,fryh,Test,US,en,Kenyon5%,allstu
Jamal,Delarosa,S220912,delarosaj@beyondmercury.com,delarosaj,Test,US,en,Kenyon5%,allstu
Santos,Best,S220913,bests@beyondmercury.com,bests,Test,US,en,Kenyon5%,allstu
Wallace,Benton,S220914,bentonw@beyondmercury.com,bentonw,Test,US,en,Kenyon5%,allstu
Brett,Lugo,S220915,lugob@beyondmercury.com,lugob,Test,US,en,Kenyon5%,allstu
Fox,Portillo,S220916,portillof@beyondmercury.com,portillof,Test,US,en,Kenyon5%,allstu
Leif,Dougherty,S220917,doughertyl@beyondmercury.com,doughertyl,Test,US,en,Kenyon5%,allstu
Maison,Crane,S220918,cranem@beyondmercury.com,cranem,Test,US,en,Kenyon5%,allstu
Reuben,Haley,S220919,haleyr@beyondmercury.com,haleyr,Test,US,en,Kenyon5%,allstu
Adler,Phan,S220920,phana@beyondmercury.com,phana,Test,US,en,Kenyon5%,allstu
Zev,Villalobos,S220921,villalobosz@beyondmercury.com,villalobosz,Test,US,en,Kenyon5%,allstu
Calum,Blanchard,S220922,blanchardc@beyondmercury.com,blanchardc,Test,US,en,Kenyon5%,allstu
Kelvin,Horne,S220923,hornek@beyondmercury.com,hornek,Test,US,en,Kenyon5%,allstu
Zechariah,Finley,S220924,finleyz@beyondmercury.com,finleyz,Test,US,en,Kenyon5%,allstu
Bridger,Quintana,S220925,quintanab@beyondmercury.com,quintanab,Test,US,en,Kenyon5%,allstu
Mccoy,Lynn,S220926,lynnm@beyondmercury.com,lynnm,Test,US,en,Kenyon5%,allstu
Seven,Esquivel,S220927,esquivels@beyondmercury.com,esquivels,Test,US,en,Kenyon5%,allstu
Shepard,Bean,S220928,beans@beyondmercury.com,beans,Test,US,en,Kenyon5%,allstu
Azrael,Dodson,S220929,dodsona@beyondmercury.com,dodsona,Test,US,en,Kenyon5%,allstu
Leroy,Mullen,S220930,mullenl@beyondmercury.com,mullenl,Test,US,en,Kenyon5%,allstu
Terry,Xiong,S220931,xiongt@beyondmercury.com,xiongt,Test,US,en,Kenyon5%,allstu
Harold,Hayden,S220932,haydenh@beyondmercury.com,haydenh,Test,US,en,Kenyon5%,allstu
Mac,Cano,S220933,canom@beyondmercury.com,canom,Test,US,en,Kenyon5%,allstu
Mordechai,Levy,S220934,levym@beyondmercury.com,levym,Test,US,en,Kenyon5%,allstu
Ahmir,Huber,S220935,hubera@beyondmercury.com,hubera,Test,US,en,Kenyon5%,allstu
Cal,Richmond,S220936,richmondc@beyondmercury.com,richmondc,Test,US,en,Kenyon5%,allstu
Franco,Moyer,S220937,moyerf@beyondmercury.com,moyerf,Test,US,en,Kenyon5%,allstu
Trent,Lim,S220938,limt@beyondmercury.com,limt,Test,US,en,Kenyon5%,allstu
Blaise,Frye,S220939,fryeb@beyondmercury.com,fryeb,Test,US,en,Kenyon5%,allstu
Coen,Sheppard,S220940,sheppardc@beyondmercury.com,sheppardc,Test,US,en,Kenyon5%,allstu
Dominik,Mccarty,S220941,mccartyd@beyondmercury.com,mccartyd,Test,US,en,Kenyon5%,allstu
Marley,Avalos,S220942,avalosm@beyondmercury.com,avalosm,Test,US,en,Kenyon5%,allstu
Davion,Booker,S220943,bookerd@beyondmercury.com,bookerd,Test,US,en,Kenyon5%,allstu
Jeremias,Waller,S220944,wallerj@beyondmercury.com,wallerj,Test,US,en,Kenyon5%,allstu
Riggs,Parra,S220945,parrar@beyondmercury.com,parrar,Test,US,en,Kenyon5%,allstu
Jones,Woodward,S220946,woodwardj@beyondmercury.com,woodwardj,Test,US,en,Kenyon5%,allstu
Will,Jaramillo,S220947,jaramillow@beyondmercury.com,jaramillow,Test,US,en,Kenyon5%,allstu
Damir,Krueger,S220948,kruegerd@beyondmercury.com,kruegerd,Test,US,en,Kenyon5%,allstu
Dangelo,Rasmussen,S220949,rasmussend@beyondmercury.com,rasmussend,Test,US,en,Kenyon5%,allstu
Canaan,Brandt,S220950,brandtc@beyondmercury.com,brandtc,Test,US,en,Kenyon5%,allstu
Dion,Peralta,S220951,peraltad@beyondmercury.com,peraltad,Test,US,en,Kenyon5%,allstu
Jabari,Donaldson,S220952,donaldsonj@beyondmercury.com,donaldsonj,Test,US,en,Kenyon5%,allstu
Landry,Stuart,S220953,stuartl@beyondmercury.com,stuartl,Test,US,en,Kenyon5%,allstu
Salvatore,Faulkner,S220954,faulkners@beyondmercury.com,faulkners,Test,US,en,Kenyon5%,allstu
Kody,Maynard,S220955,maynardk@beyondmercury.com,maynardk,Test,US,en,Kenyon5%,allstu
Hakeem,Galindo,S220956,galindoh@beyondmercury.com,galindoh,Test,US,en,Kenyon5%,allstu
Truett,Coffey,S220957,coffeyt@beyondmercury.com,coffeyt,Test,US,en,Kenyon5%,allstu
Gerald,Estes,S220958,estesg@beyondmercury.com,estesg,Test,US,en,Kenyon5%,allstu
Lyric,Sanford,S220959,sanfordl@beyondmercury.com,sanfordl,Test,US,en,Kenyon5%,allstu
Gordon,Burch,S220960,burchg@beyondmercury.com,burchg,Test,US,en,Kenyon5%,allstu
Jovanni,Maddox,S220961,maddoxj@beyondmercury.com,maddoxj,Test,US,en,Kenyon5%,allstu
Kamdyn,Vo,S220962,vok@beyondmercury.com,vok,Test,US,en,Kenyon5%,allstu
Alistair,Oconnell,S220963,oconnella@beyondmercury.com,oconnella,Test,US,en,Kenyon5%,allstu
Cillian,Vu,S220964,vuc@beyondmercury.com,vuc,Test,US,en,Kenyon5%,allstu
Foster,S,S220965,sf@beyondmercury.com,sf,Test,US,en,Kenyon5%,allstu
Terrance,S,S220966,st@beyondmercury.com,st,Test,US,en,Kenyon5%,allstu
Murphy,Andersen,S220967,andersenm@beyondmercury.com,andersenm,Test,US,en,Kenyon5%,allstu
Zyair,Spence,S220968,spencez@beyondmercury.com,spencez,Test,US,en,Kenyon5%,allstu
Cedric,Mcpherson,S220969,mcphersonc@beyondmercury.com,mcphersonc,Test,US,en,Kenyon5%,allstu
Rome,Church,S220970,churchr@beyondmercury.com,churchr,Test,US,en,Kenyon5%,allstu
Abner,Schmitt,S220971,schmitta@beyondmercury.com,schmitta,Test,US,en,Kenyon5%,allstu
Colter,Stanton,S220972,stantonc@beyondmercury.com,stantonc,Test,US,en,Kenyon5%,allstu
Dayton,Leal,S220973,leald@beyondmercury.com,leald,Test,US,en,Kenyon5%,allstu
Jad,Cherry,S220974,cherryj@beyondmercury.com,cherryj,Test,US,en,Kenyon5%,allstu
Xzavier,Compton,S220975,comptonx@beyondmercury.com,comptonx,Test,US,en,Kenyon5%,allstu
Rene,Dudley,S220976,dudleyr@beyondmercury.com,dudleyr,Test,US,en,Kenyon5%,allstu
Vance,Sierra,S220977,sierrav@beyondmercury.com,sierrav,Test,US,en,Kenyon5%,allstu
Duncan,Pollard,S220978,pollardd@beyondmercury.com,pollardd,Test,US,en,Kenyon5%,allstu
Frankie,Alfaro,S220979,alfarof@beyondmercury.com,alfarof,Test,US,en,Kenyon5%,allstu
Bishop,Hester,S220980,hesterb@beyondmercury.com,hesterb,Test,US,en,Kenyon5%,allstu
Davian,Proctor,S220981,proctord@beyondmercury.com,proctord,Test,US,en,Kenyon5%,allstu
Everest,Lu,S220982,lue@beyondmercury.com,lue,Test,US,en,Kenyon5%,allstu
Heath,Hinton,S220983,hintonh@beyondmercury.com,hintonh,Test,US,en,Kenyon5%,allstu
Jaxen,Novak,S220984,novakj@beyondmercury.com,novakj,Test,US,en,Kenyon5%,allstu
Marlon,Good,S220985,goodm@beyondmercury.com,goodm,Test,US,en,Kenyon5%,allstu
Maxton,Madden,S220986,maddenm@beyondmercury.com,maddenm,Test,US,en,Kenyon5%,allstu
Reginald,Mccann,S220987,mccannr@beyondmercury.com,mccannr,Test,US,en,Kenyon5%,allstu
Harris,Terrell,S220988,terrellh@beyondmercury.com,terrellh,Test,US,en,Kenyon5%,allstu
Jericho,Jarvis,S220989,jarvisj@beyondmercury.com,jarvisj,Test,US,en,Kenyon5%,allstu
Keenan,Dickson,S220990,dicksonk@beyondmercury.com,dicksonk,Test,US,en,Kenyon5%,allstu
Korbyn,Reyna,S220991,reynak@beyondmercury.com,reynak,Test,US,en,Kenyon5%,allstu
Wes,Cantrell,S220992,cantrellw@beyondmercury.com,cantrellw,Test,US,en,Kenyon5%,allstu
Eliezer,Mayo,S220993,mayoe@beyondmercury.com,mayoe,Test,US,en,Kenyon5%,allstu
Jeffery,Branch,S220994,branchj@beyondmercury.com,branchj,Test,US,en,Kenyon5%,allstu
Kalel,Hendrix,S220995,hendrixk@beyondmercury.com,hendrixk,Test,US,en,Kenyon5%,allstu
Kylian,Rollins,S220996,rollinsk@beyondmercury.com,rollinsk,Test,US,en,Kenyon5%,allstu
Turner,Rowland,S220997,rowlandt@beyondmercury.com,rowlandt,Test,US,en,Kenyon5%,allstu
Willie,Whitney,S220998,whitneyw@beyondmercury.com,whitneyw,Test,US,en,Kenyon5%,allstu
Rogelio,Duke,S220999,duker@beyondmercury.com,duker,Test,US,en,Kenyon5%,allstu
Ephraim,Odom,S221000,odome@beyondmercury.com,odome,Test,US,en,Kenyon5%,allstu
